Id,Name,Address,City,State,Zip,Type,Population,latitude,longitude,Beds
1336420,ANDALUSIA HEALTH,"849 SOUTH THREE NOTCH STREET, PO BOX 760",ANDALUSIA,AL,36420,GENERAL ACUTE CARE,88,31.29579533,-86.49454911,88
8236089,BULLOCK COUNTY HOSPITAL,102 WEST CONECUH AVENUE,UNION SPRINGS,AL,36089,GENERAL ACUTE CARE,61,32.14663511,-85.71700933,61
2836904,CHOCTAW GENERAL HOSPITAL,401 VANITY FAIR DRIVE,BUTLER,AL,36904,CRITICAL ACCESS,25,32.09310534,-88.20949244,25
3035161,CITIZENS BAPTIST MEDICAL CENTER,"604 STONE AVENUE, PO BOX 978",TALLADEGA,AL,35161,GENERAL ACUTE CARE,122,33.44027682,-86.0907834,122
3536049,CRENSHAW COMMUNITY HOSPITAL,101 HOSPITAL CIRCLE,LUVERNE,AL,36049,GENERAL ACUTE CARE,65,31.69354407,-86.2650457,65
3836427,D. W. MCMILLAN MEMORIAL HOSPITAL,"1301 BELLEVILLE AVENUE, PO DRAWER 908",BREWTON,AL,36427,GENERAL ACUTE CARE,91,31.12703391,-87.0734993,91
4135968,DEKALB REGIONAL MEDICAL CENTER,"200 MEDICAL CENTER DRIVE, PO BOX 680778",FORT PAYNE,AL,35968,GENERAL ACUTE CARE,134,34.44127984,-85.75621837,134
4636401,EVERGREEN MEDICAL CENTER,"101 CRESTVIEW AVENUE, PO BOX 706",EVERGREEN,AL,36401,GENERAL ACUTE CARE,58,31.43079857,-86.94048359,58
4835555,FAYETTE MEDICAL CENTER,"1653 TEMPLE AVENUE NORTH, PO DRAWER 710",FAYETTE,AL,35555,GENERAL ACUTE CARE,61,33.70817814,-87.82468898,61
2735960,FLOYD CHEROKEE MEDICAL CENTER,400 NORTHWOOD DRIVE,CENTRE,AL,35960,GENERAL ACUTE CARE,60,34.1614583,-85.65108878,60
4935903,GADSDEN REGIONAL MEDICAL CENTER,1007 GOODYEAR AVENUE,GADSDEN,AL,35903,GENERAL ACUTE CARE,346,34.00773628,-85.96598214,346
5235462,GREENE COUNTY HEALTH SYSTEM,509 WILSON AVENUE,EUTAW,AL,35462,GENERAL ACUTE CARE,20,32.84324894,-87.89048348,20
5736744,HALE COUNTY HOSPITAL,508 GREENE STREET,GREENSBORO,AL,36744,GENERAL ACUTE CARE,39,32.69537224,-87.58693419,39
6135768,HIGHLANDS MEDICAL CENTER,"380 WOODS COVE ROAD, PO BOX 1050",SCOTTSBORO,AL,35768,GENERAL ACUTE CARE,170,34.66203793,-86.0474908,170
6436726,J. PAUL JONES HOSPITAL,317 MCWILLIAMS AVENUE,CAMDEN,AL,36726,GENERAL ACUTE CARE,30,31.99752515,-87.30025784,30
7035565,LAKELAND COMMUNITY HOSPITAL,"42024 HIGHWAY 195, PO BOX 780",HALEYVILLE,AL,35565,GENERAL ACUTE CARE,49,34.24191187,-87.5913658,49
9135957,MARSHALL MEDICAL CENTERS SOUTH CAMPUS,"2505 US HIGHWAY 431 SOUTH, PO DRAWER 758",BOAZ,AL,35957,GENERAL ACUTE CARE,150,34.22146585,-86.16062817,150
5136027,MEDICAL CENTER BARBOUR,820 WEST WASHINGTON STREET,EUFAULA,AL,36027,GENERAL ACUTE CARE,74,31.88864508,-85.15640542,74
5636467,MIZELL MEMORIAL HOSPITAL,"702 MAIN STREET, PO BOX 1010",OPP,AL,36467,GENERAL ACUTE CARE,99,31.29195824,-86.25452692,99
7836461,MONROE COUNTY HOSPITAL,"2016 SOUTH ALABAMA AVENUE, PO BOX 886",MONROEVILLE,AL,36460,GENERAL ACUTE CARE,94,31.4978172,-87.32076663,94
4735570,NORTH MISSISSIPPI MEDICAL CENTER - HAMILTON,1256 MILITARY STREET SOUTH,HAMILTON,AL,35570,GENERAL ACUTE CARE,49,34.12597718,-87.99076878,49
91636202,NORTHEAST ALABAMA REGIONAL MEDICAL CENTER,"400 EAST 10TH STREET, PO BOX 2208",ANNISTON,AL,36202,GENERAL ACUTE CARE,338,33.65557526,-85.82324214,338
10035594,NORTHWEST MEDICAL CENTER,1530 U S HWY 43,WINFIELD,AL,35594,GENERAL ACUTE CARE,49,33.93053767,-87.82452474,49
4036037,REGIONAL MEDICAL CENTER OF CENTRAL ALABAMA,29 LV STABLER DRIVE,GREENVILLE,AL,36037,GENERAL ACUTE CARE,72,31.8290344,-86.6463642,72
10335999,RIVERVIEW REGIONAL MEDICAL CENTER,600 SOUTH THIRD STREET,GADSDEN,AL,35901,GENERAL ACUTE CARE,281,34.00432554,-86.00342706,281
172435046,ST. VINCENT'S CHILTON,2030 LAY DAM ROAD,CLANTON,AL,35046,GENERAL ACUTE CARE,30,32.880286,-86.62279,30
11336201,STRINGFELLOW MEMORIAL HOSPITAL,"301 EAST 18TH STREET, PO BOX 38",ANNISTON,AL,36207,GENERAL ACUTE CARE,125,33.6682359,-85.82371273,125
195436278,TANNER MEDICAL CENTER - EAST ALABAMA,1032 MAIN STREET SOUTH,WEDOWEE,AL,36278,CRITICAL ACCESS,15,33.295332,-85.480689,15
11736081,TROY REGIONAL MEDICAL CENTER,1330 HIGHWAY 231 SOUTH,TROY,AL,36081,GENERAL ACUTE CARE,97,31.78151565,-85.94556625,97
9936701,VAUGHAN REGIONAL MEDICAL CENTER - PARKWAY CAMPUS,1015 MEDICAL CENTER PARKWAY,SELMA,AL,36701,GENERAL ACUTE CARE,175,32.42946521,-87.05597305,175
12035502,WALKER BAPTIST MEDICAL CENTER,"3400 HIGHWAY 78, EAST, PO BOX 3547",JASPER,AL,35502,GENERAL ACUTE CARE,267,33.8427289,-87.23599958,267
12236518,WASHINGTON COUNTY HOSPITAL,"14600 ST STEPHENS AVENUE, PO BOX 1299",CHATOM,AL,36518,CRITICAL ACCESS,25,31.45953815,-88.23507989,25
91836732,WHITFIELD REGIONAL HOSPITAL,105 US HIGHWAY 80 EAST,DEMOPOLIS,AL,36732,GENERAL ACUTE CARE,99,32.50478853,-87.8363988,99
2499645,MAT - SU REGIONAL MEDICAL CENTER,2500 SOUTH WOODWORTH LOOP,PALMER,AK,99645,GENERAL ACUTE CARE,125,61.56289358,-149.25831116,125
2199574,CORDOVA COMMUNITY MEDICAL CENTER,602 CHASE AVE,CORDOVA,AK,99574,CRITICAL ACCESS,23,60.54125477,-145.75064915,23
196784307,KANAKANAK - BRISTOL BAY,6000 KANAKANAK RD,DILLINGHAM,AK,99576,CRITICAL ACCESS,16,59.0000942,-158.5355047,16
499901,KETCHIKAN MEDICAL CENTER,3100 TONGASS AVE,KETCHIKAN,AK,99901,CRITICAL ACCESS,25,55.35371869,-131.68578842,25
2399762,NORTON SOUND REGIONAL HOSPITAL,1000 GREG KRUSCHEK AVE,NOME,AK,99762,CRITICAL ACCESS,18,64.49950291,-165.37840769,18
2599833,PETERSBURG MEDICAL CENTER,103 FRAM ST,PETERSBURG,AK,99833,CRITICAL ACCESS,12,56.81288408,-132.95520506,12
1699615,PROVIDENCE KODIAK ISLAND MEDICAL CENTER,1915 E REZANOF DR,KODIAK,AK,99615,CRITICAL ACCESS,25,57.80089998,-152.37560773,25
599664,PROVIDENCE SEWARD MEDICAL AND CARE CENTER,417 FIRST AVE,SEWARD,AK,99664,CRITICAL ACCESS,6,60.10502011,-149.44642548,6
2699686,PROVIDENCE VALDEZ MEDICAL CENTER,911 MEALS AVE,VALDEZ,AK,99686,CRITICAL ACCESS,11,61.13653378,-146.34655167,11
60599723,SAMUEL SIMMONDS MEMORIAL HOSPITAL,7000 UULA ST,UTQIAGVIK,AK,99723,CRITICAL ACCESS,10,71.29772504,-156.72903697,10
399603,SOUTH PENINSULA HOSPITAL,4300 BARTLETT ST,HOMER,AK,99603,CRITICAL ACCESS,22,59.65247012,-151.55012983,22
1999929,WRANGELL MEDICAL CENTER - SEARHC,310 BENNETT ST,WRANGELL,AK,99929,CRITICAL ACCESS,8,56.47178239,-132.3758039,8
60399588,CROSS ROAD MEDICAL CENTER,"187 GLENN HWY, PO BOX 5",GLENNALLEN,AK,99588,GENERAL ACUTE CARE,4,62.108932,-145.540928,4
196784308,ILIULIUK FAMILY AND HEALTH SERVICES INC,"34 LAVELLE CT, PO BOX 144",UNALASKA,AK,99685,GENERAL ACUTE CARE,4,53.8722442,-166.5393244,4
6785541,BANNER PAYSON MEDICAL CENTER,807 SOUTH PONDEROSA DRIVE,PAYSON,AZ,85541,CRITICAL ACCESS,25,34.23007678,-111.32065115,25
2985501,COBRE VALLEY REGIONAL MEDICAL CENTER,5880 SOUTH HOSPITAL DRIVE,GLOBE,AZ,85501,CRITICAL ACCESS,25,33.40604436,-110.82640787,25
196784309,DHHS IHS PHOENIX AREA,"HIGHWAY 264, MILEPOST 388",POLACCA,AZ,86042,CRITICAL ACCESS,-999,35.8021344,-110.42669889,-999
2285621,HOLY CROSS HOSPITAL,1171 WEST TARGET RANGE ROAD,NOGALES,AZ,85621,CRITICAL ACCESS,25,31.34028688,-110.95974713,25
5185344,LA PAZ REGIONAL HOSPITAL,1200 WEST MOHAVE ROAD,PARKER,AZ,85344,CRITICAL ACCESS,25,34.13643248,-114.28521966,25
5286047,LITTLE COLORADO MEDICAL CENTER,1501 NORTH WILLIAMSON AVENUE,WINSLOW,AZ,86047,CRITICAL ACCESS,25,35.03580769,-110.69250885,25
196784310,NAVAJO HEALTH FOUNDATION,HIGHWAY 264 WEST AND 191 SOUTH,GANADO,AZ,86505,CRITICAL ACCESS,25,35.71074582,-109.54355573,25
6185643,"NORTHERN COCHISE COMMUNITY HOSPITAL, INC",901 WEST REX ALLEN DRIVE,WILLCOX,AZ,85643,CRITICAL ACCESS,24,32.2649674,-109.83814424,24
6586040,PAGE HOSPITAL,501 NORTH NAVAJO DRIVE,PAGE,AZ,86040,CRITICAL ACCESS,25,36.91764799,-111.46358713,25
9985938,WHITE MOUNTAIN REGIONAL MEDICAL CENTER,118 SOUTH MOUNTAIN AVENUE,SPRINGERVILLE,AZ,85938,CRITICAL ACCESS,21,34.13173504,-109.28525796,21
10085390,WICKENBURG COMMUNITY HOSPITAL,520 ROSE LANE,WICKENBURG,AZ,85390,CRITICAL ACCESS,19,33.97836374,-112.73993184,19
66885222,BANNER CASA GRANDE MEDICAL CENTER,1800 EAST FLORENCE BOULEVARD,CASA GRANDE,AZ,85122,GENERAL ACUTE CARE,141,32.88115523,-111.71074859,141
3586503,DHHS PHS NAIHS CHINLE COMPREHENSIVE HEALTH CARE FACILITY,"US HWY 191, HOSPITAL ROAD",CHINLE,AZ,86503,CRITICAL ACCESS,-999,36.15760286,-109.6081006,-999
196784319,"FORT DEFIANCE INDIAN HOSPITAL BOARD, INC","CORNER OF ROUTES N12 AND N7, PO BOX 649",FORT DEFIANCE,AZ,86504,GENERAL ACUTE CARE,-999,35.75930577,-109.04848784,-999
3786403,HAVASU REGIONAL MEDICAL CENTER,101 CIVIC CENTER LANE,LAKE HAVASU CITY,AZ,86403,GENERAL ACUTE CARE,152,34.48045399,-114.33878975,152
5086409,KINGMAN REGIONAL MEDICAL CENTER,3269 STOCKTON HILL ROAD,KINGMAN,AZ,86409,GENERAL ACUTE CARE,235,35.22007084,-114.03697743,235
6085546,MT. GRAHAM REGIONAL MEDICAL CENTER,1600 SOUTH 20TH AVENUE,SAFFORD,AZ,85546,GENERAL ACUTE CARE,25,32.82275472,-109.73515724,25
177585542,SAN CARLOS APACHE HEALTHCARE CORP,103 MEDICINE WAY ROAD,PERIDOT,AZ,85542,GENERAL ACUTE CARE,-999,33.29575753,-110.41787595,-999
4585634,TOHONO O'ODHAM NATION HEALTH CARE - TON - SELLS HOSPITAL,"HIGHWAY 86, AT TOPAWA ROAD",SELLS,AZ,85634,GENERAL ACUTE CARE,-999,31.91850571,-111.89048857,-999
196784323,TUBA CITY REGIONAL HEALTH CARE CORPORATION,"167 MAIN ST, PO BOX 600",TUBA CITY,AZ,86045,GENERAL ACUTE CARE,-999,36.13577361,-111.23730391,-999
9786442,WESTERN ARIZONA REGIONAL MEDICAL CENTER,2735 SILVER CREEK ROAD,BULLHEAD CITY,AZ,86442,GENERAL ACUTE CARE,139,35.11084717,-114.5550477,139
1572042,"DEWITT HOSPITAL AND NURSING HOME, INC",1641 SOUTH WHITEHEAD DRIVE,DEWITT,AR,72042,CRITICAL ACCESS,25,34.27979487,-91.33823119,25
971635,ASHLEY COUNTY MEDICAL CENTER,1015 UNITY ROAD,CROSSETT,AR,71635,CRITICAL ACCESS,33,33.13845416,-91.93879905,33
272653,BAXTER REGIONAL MEDICAL CENTER,624 HOSPITAL DRIVE,MOUNTAIN HOME,AR,72653,GENERAL ACUTE CARE,268,36.34210333,-92.39654421,268
671671,BRADLEY COUNTY MEDICAL CENTER,404 SOUTH BRADLEY STREET,WARREN,AR,71671,CRITICAL ACCESS,33,33.61036413,-92.05925489,33
2372454,PIGGOTT COMMUNITY HOSPITAL,1206 GORDON DUCKWORTH DRIVE,PIGGOTT,AR,72454,CRITICAL ACCESS,25,36.39011947,-90.20483796,25
62572396,CROSSRIDGE COMMUNITY HOSPITAL,310 SOUTH FALLS BOULEVARD,WYNNE,AR,72396,GENERAL ACUTE CARE,25,35.21955792,-90.78664054,25
2571742,DALLAS COUNTY MEDICAL CENTER,201 CLIFTON STREET,FORDYCE,AR,71742,CRITICAL ACCESS,25,33.81085539,-92.42558764,25
62671639,DELTA MEMORIAL HOSPITAL,811 HIGHWAY 65 SOUTH,DUMAS,AR,71639,GENERAL ACUTE CARE,25,33.87320167,-91.48036852,25
62972949,MERCY HOSPITAL OZARK,801 WEST RIVER STREET,OZARK,AR,72949,GENERAL ACUTE CARE,25,35.48582001,-93.83344375,25
1172576,FULTON COUNTY HOSPITAL,679 NORTH MAIN STREET,SALEM,AR,72576,CRITICAL ACCESS,25,36.38290088,-91.81030795,25
3572519,"IZARD COUNTY MEDICAL CENTER, LLC",61 GRASSE STREET,CALICO ROCK,AR,72519,CRITICAL ACCESS,25,36.12677685,-92.12808717,25
5172855,MERCY HOSPITAL PARIS,500 EAST ACADEMY,PARIS,AR,72855,CRITICAL ACCESS,16,35.28929334,-93.72487855,16
5272315,GREAT RIVER MEDICAL CENTER,1520 NORTH DIVISION STREET,BLYTHEVILLE,AR,72315,GENERAL ACUTE CARE,99,35.94301993,-89.91731125,99
5772370,SOUTH MISSISSIPPI COUNTY REGIONAL MEDICAL CENTER,611 WEST LEE AVENUE,OSCEOLA,AR,72370,CRITICAL ACCESS,25,35.69970508,-89.97557004,25
7100000,HELENA REGIONAL MEDICAL CENTER,1801 MARTIN LUTHER KING JR DRIVE,HELENA,AR,72342,GENERAL ACUTE CARE,155,34.51028534,-90.62710336,155
3271953,MENA REGIONAL HEALTH SYSTEM,311 NORTH MORROW STREET,MENA,AR,71953,GENERAL ACUTE CARE,65,34.5890536,-94.22163124,65
8872455,ST. BERNARDS FIVE RIVERS MEDICAL CENTER,2801 MEDICAL CENTER DRIVE,POCAHONTAS,AR,72455,GENERAL ACUTE CARE,50,36.28976027,-90.99738763,50
62872958,MERCY HOSPITAL WALDRON,1341 WEST SIXTH STREET,WALDRON,AR,72958,GENERAL ACUTE CARE,24,34.89455358,-94.105868,24
1200000,FORREST CITY MEDICAL CENTER,1601 NEWCASTLE ROAD,FORREST CITY,AR,72335,GENERAL ACUTE CARE,118,35.04001925,-90.77588392,118
27895249,MARK TWAIN MEDICAL CENTER,768 MOUNTAIN RANCH ROAD,SAN ANDREAS,CA,95249,CRITICAL ACCESS,25,38.19005959,-120.6705756,25
12295380,EMANUEL MEDICAL CENTER,825 DELBON AVE,TURLOCK,CA,95382,GENERAL ACUTE CARE,209,37.51231404,-120.83915092,209
44095370,ADVENTIST HEALTH SONORA,179 FAIRVIEW LANE,SONORA,CA,95370,GENERAL ACUTE CARE,12,37.9796874,-120.39080129,12
44195370,ADVENTIST HEALTH SONORA,1000 GREENLEY ROAD,SONORA,CA,95370,GENERAL ACUTE CARE,72,37.97723023,-120.37085046,72
7293210,COALINGA REGIONAL MEDICAL CENTER,1191 PHELPS AVE,COALINGA,CA,93210,GENERAL ACUTE CARE,24,36.15247112,-120.34068403,24
17795338,JOHN C. FREMONT HEALTHCARE DISTRICT,5189 HOSPITAL RD,MARIPOSA,CA,95338,CRITICAL ACCESS,18,37.5001239,-119.97731444,18
28193635,MEMORIAL HOSPITAL LOS BANOS,520 W I ST,LOS BANOS,CA,93635,GENERAL ACUTE CARE,38,37.06409769,-120.85918961,38
29095340,MERCY MEDICAL CENTER,333 MERCY AVE,MERCED,CA,95340,GENERAL ACUTE CARE,186,37.33985566,-120.46752827,186
14593930,GEORGE L. MEE MEMORIAL HOSPITAL,300 CANAL ST,KING CITY,CA,93930,GENERAL ACUTE CARE,25,36.20581243,-121.13285735,25
12092243,EL CENTRO REGIONAL MEDICAL CENTER,1415 ROSS AVE,EL CENTRO,CA,92243,GENERAL ACUTE CARE,161,32.78043468,-115.56872826,161
34992227,PIONEERS MEMORIAL HEALTHCARE DISTRICT,207 W LEGION RD,BRAWLEY,CA,92227,GENERAL ACUTE CARE,107,32.95909297,-115.55379865,107
13595490,ADVENTIST HEALTH HOWARD MEMORIAL,1 MARCELA DRIVE,WILLITS,CA,95490,CRITICAL ACCESS,25,39.38969872,-123.33872976,25
47995453,SUTTER LAKESIDE HOSPITAL,5176 HILL RD E,LAKEPORT,CA,95453,CRITICAL ACCESS,30,39.10495347,-122.90668998,30
27195521,MAD RIVER COMMUNITY HOSPITAL,3800 JANES RD,ARCATA,CA,95521,GENERAL ACUTE CARE,78,40.89605659,-124.09118922,78
28495437,ADVENTIST HEALTH MENDOCINO COAST,700 RIVER DR,FORT BRAGG,CA,95437,CRITICAL ACCESS,25,39.43123374,-123.80088057,25
45295422,ADVENTIST HEALTH CLEARLAKE,15630 18TH AVE,CLEARLAKE,CA,95422,CRITICAL ACCESS,32,38.93561886,-122.62014453,32
37195540,PROVIDENCE REDWOOD MEMORIAL HOSPITAL,3300 RENNER DR,FORTUNA,CA,95540,CRITICAL ACCESS,35,40.58262492,-124.13640529,35
47595531,SUTTER COAST HOSPITAL,800 E WASHINGTON BLVD,CRESCENT CITY,CA,95531,GENERAL ACUTE CARE,49,41.77372684,-124.19412339,49
17595542,JEROLD PHELPS COMMUNITY HOSPITAL,733 CEDAR ST,GARBERVILLE,CA,95542,CRITICAL ACCESS,9,40.10167816,-123.79225463,9
45795501,PROVIDENCE ST. JOSEPH HOSPITAL,2700 DOLBEER ST,EUREKA,CA,95501,GENERAL ACUTE CARE,138,40.78412185,-124.14223691,138
14495501,THE GENERAL HOSPITAL,2200 HARRISON AVE,EUREKA,CA,95501,GENERAL ACUTE CARE,15,40.78816855,-124.14026282,15
167795482,ADVENTIST HEALTH UKIAH VALLEY,275 HOSPITAL DR,UKIAH,CA,95482,GENERAL ACUTE CARE,68,39.15290589,-123.20280834,68
22893240,KERN VALLEY HEALTHCARE DISTRICT,6412 LAUREL AVE,LAKE ISABELLA,CA,93240,CRITICAL ACCESS,27,35.6350283,-118.40699173,27
37693555,RIDGECREST REGIONAL HOSPITAL,1081 N CHINA LAKE BLVD,RIDGECREST,CA,93555,CRITICAL ACCESS,72,35.64067202,-117.67125097,72
196784109,ADVENTIST HEALTH TEHACHAPI VALLEY,1100 MAGELLAN DR,TEHACHAPI,CA,93561,CRITICAL ACCESS,25,35.14768438,-118.45072312,25
12495926,ENLOE MEDICAL CENTER - COHASSET,560 COHASSET RD,CHICO,CA,95926,GENERAL ACUTE CARE,30,39.75249689,-121.84799638,30
11496122,EASTERN PLUMAS HOSPITAL - PORTOLA CAMPUS,500 1ST AVE,PORTOLA,CA,96122,CRITICAL ACCESS,9,39.80555052,-120.46281013,9
14895988,GLENN MEDICAL CENTER,1133 W SYCAMORE ST,WILLOWS,CA,95988,CRITICAL ACCESS,47,39.52127867,-122.20804539,47
3196130,BANNER LASSEN MEDICAL CENTER,1800 SPRING RIDGE DR,SUSANVILLE,CA,96130,CRITICAL ACCESS,25,40.43688328,-120.62772848,25
74096028,MAYERS MEMORIAL HOSPITAL,43563 STATE HIGHWAY 299 E,FALL RIVER MILLS,CA,96028,CRITICAL ACCESS,16,41.02388936,-121.42405441,16
30696101,MODOC MEDICAL CENTER,1111 N NAGLE STREET,ALTURAS,CA,96101,CRITICAL ACCESS,8,41.48005626,-120.54574399,8
29296067,MERCY MEDICAL CENTER MT. SHASTA,914 PINE ST,MOUNT SHASTA,CA,96067,CRITICAL ACCESS,33,41.31865738,-122.32112569,33
12595926,ENLOE MEDICAL CENTER - ESPLANADE,1531 ESPLANADE,CHICO,CA,95926,GENERAL ACUTE CARE,228,39.74182759,-121.85039434,228
35195971,PLUMAS DISTRICT HOSPITAL,1065 BUCKS LAKE RD,QUINCY,CA,95971,CRITICAL ACCESS,16,39.93972896,-120.96170025,16
41696020,SENECA DISTRICT HOSPITAL,130 BRENTWOOD DR,CHESTER,CA,96020,CRITICAL ACCESS,10,40.30576261,-121.23476753,10
12796097,FAIRCHILD MEDICAL CENTER,444 BRUCE ST,YREKA,CA,96097,CRITICAL ACCESS,28,41.71937331,-122.64571656,28
44896080,ST. ELIZABETH COMMUNITY HOSPITAL,2550 SISTER MARY COLUMBA DR,RED BLUFF,CA,96080,GENERAL ACUTE CARE,76,40.14849498,-122.21905251,76
47196104,SURPRISE VALLEY COMMUNITY HOSPITAL,741 N MAIN ST,CEDARVILLE,CA,96104,CRITICAL ACCESS,4,41.53148907,-120.17142808,4
50296093,TRINITY HOSPITAL,60 EASTER AVENUE,WEAVERVILLE,CA,96093,CRITICAL ACCESS,25,40.73808351,-122.93965693,25
27393546,MAMMOTH HOSPITAL,85 SIERRA PARK RD,MAMMOTH LAKES,CA,93546,CRITICAL ACCESS,17,37.64395021,-118.96232892,17
7892363,COLORADO RIVER MEDICAL CENTER,1401 BAILEY AVE,NEEDLES,CA,92363,CRITICAL ACCESS,25,34.83306592,-114.61749396,25
32093514,NORTHERN INYO HOSPITAL,150 PIONEER LN,BISHOP,CA,93514,CRITICAL ACCESS,25,37.36206187,-118.40623977,25
44393545,SOUTHERN INYO HOSPITAL,501 E LOCUST,LONE PINE,CA,93545,CRITICAL ACCESS,4,36.6091002,-118.05791185,4
34092225,PALO VERDE HOSPITAL,250 N 1ST ST,BLYTHE,CA,92225,GENERAL ACUTE CARE,25,33.61286177,-114.59511628,25
1993534,ANTELOPE VALLEY HOSPITAL,1600 W AVENUE J,LANCASTER,CA,93534,GENERAL ACUTE CARE,390,34.68826898,-118.15882602,390
5490704,CATALINA ISLAND MEDICAL CENTER,100 FALLS CANYON RD,AVALON,CA,90704,CRITICAL ACCESS,8,33.33920404,-118.33070512,8
33993551,PALMDALE REGIONAL MEDICAL CENTER,38600 MEDICAL CENTER DR,PALMDALE,CA,93551,GENERAL ACUTE CARE,184,34.58287763,-118.14436687,184
6481301,ANIMAS SURGICAL HOSPITAL LLC,575 RIVERGATE LN,DURANGO,CO,81301,GENERAL ACUTE CARE,12,37.24908273,-107.87115236,12
8381050,ARKANSAS VALLEY REGIONAL MEDICAL CENTER,1100 CARSON AVE,LA JUNTA,CO,81050,GENERAL ACUTE CARE,25,37.97806683,-103.54957879,25
5681230,GUNNISON VALLEY HOSPITAL,711 N TAYLOR ST,GUNNISON,CO,81230,GENERAL ACUTE CARE,24,38.55139536,-106.92474584,24
8480731,HAXTUN HOSPITAL DISTRICT,235 W FLETCHER ST,HAXTUN,CO,80731,GENERAL ACUTE CARE,25,40.6417925,-102.63139823,25
2380810,KEEFE MEMORIAL HOSPITAL,602 N 6TH ST W,CHEYENNE WELLS,CO,80810,GENERAL ACUTE CARE,25,38.82572778,-102.35501131,25
7380821,LINCOLN HEALTH HOSPITAL,111 6TH ST,HUGO,CO,80821,GENERAL ACUTE CARE,15,39.13843589,-103.4737372,15
8580734,MELISSA MEMORIAL HOSPITAL,1001 E JOHNSON ST,HOLYOKE,CO,80734,GENERAL ACUTE CARE,15,40.57927084,-102.28990254,15
10581625,THE MEMORIAL HOSPITAL,750 HOSPITAL LOOP,CRAIG,CO,81625,CRITICAL ACCESS,25,40.51849766,-107.58011974,25
6581301,MERCY REGIONAL MEDICAL CENTER,1010 THREE SPRINGS BLVD,DURANGO,CO,81301,GENERAL ACUTE CARE,82,37.23602793,-107.82626845,82
7281082,MT SAN RAFAEL HOSPITAL,410 BENEDICTA AVE,TRINIDAD,CO,81082,GENERAL ACUTE CARE,25,37.1732064,-104.48761163,25
1481147,PAGOSA SPRINGS MEDICAL CENTER,95 S PAGOSA BLVD,PAGOSA SPRINGS,CO,81147,GENERAL ACUTE CARE,11,37.25214825,-107.07831196,11
186281641,PIONEERS MEDICAL CENTER,100 PIONEERS MEDICAL CENTER DR,MEEKER,CO,81641,CRITICAL ACCESS,16,40.04640332,-107.88126343,16
8781052,PROWERS MEDICAL CENTER,401 KENDALL DR,LAMAR,CO,81052,GENERAL ACUTE CARE,25,38.07060898,-102.61012319,25
154881648,RANGELY DISTRICT HOSPITAL,225 EAGLE CREST DR,RANGELY,CO,81648,GENERAL ACUTE CARE,25,40.07878915,-108.80686095,25
9481132,RIO GRANDE HOSPITAL,310 COUNTY ROAD 14,DEL NORTE,CO,81132,GENERAL ACUTE CARE,17,37.67431142,-106.36392683,17
981101,SAN LUIS VALLEY HEALTH,106 BLANCA AVE,ALAMOSA,CO,81101,GENERAL ACUTE CARE,49,37.472182,-105.88274238,49
2481140,SAN LUIS VALLEY HEALTH CONEJOS COUNTY HOSPITAL,19021 US HIGHWAY 285,LA JARA,CO,81140,GENERAL ACUTE CARE,17,37.26279404,-105.96553353,17
9680737,SEDGWICK COUNTY MEMORIAL HOSPITAL,900 CEDAR ST,JULESBURG,CO,80737,GENERAL ACUTE CARE,15,40.99391889,-102.26832422,15
1581073,SOUTHEAST COLORADO HOSPITAL,373 E 10TH AVE,SPRINGFIELD,CO,81073,CRITICAL ACCESS,23,37.40437038,-102.61228291,23
5781089,SPANISH PEAKS REGIONAL HEALTH CENTER,23500 US HWY 160,WALSENBURG,CO,81089,CRITICAL ACCESS,20,37.60051672,-104.83117802,20
7480751,STERLING REGIONAL MED CENTER,615 FAIRHURST ST,STERLING,CO,80751,GENERAL ACUTE CARE,25,40.61252907,-103.22075862,25
6281036,WEISBROD MEMORIAL COUNTY HOSPITAL,1208 LUTHER ST,EADS,CO,81036,GENERAL ACUTE CARE,25,38.48031973,-102.78486743,25
33232456,ASCENSION SACRED HEART GULF,3801 E HWY 98,PORT SAINT JOE,FL,32456,GENERAL ACUTE CARE,19,29.77902367,-85.28789702,19
7333040,DEPOO HOSPITAL,1200 KENNEDY DR,KEY WEST,FL,33040,GENERAL ACUTE CARE,49,24.5641986,-81.767407,49
8232348,DOCTORS' MEMORIAL HOSPITAL,333 N BYRON BUTLER PKWY,PERRY,FL,32348,GENERAL ACUTE CARE,48,30.12012164,-83.59332214,48
9733050,FISHERMEN'S COMMUNITY HOSPITAL,3301 OVERSEAS HWY,MARATHON,FL,33050,GENERAL ACUTE CARE,8,24.71036249,-81.09443633,8
14032329,GEORGE E WEEMS MEMORIAL HOSPITAL,135 AVE G,APALACHICOLA,FL,32320,GENERAL ACUTE CARE,25,29.72453421,-84.99259476,25
16933440,HENDRY REGIONAL MEDICAL CENTER,524 W SAGAMORE AVE,CLEWISTON,FL,33440,GENERAL ACUTE CARE,25,26.7526814,-80.94126555,25
19032565,JAY HOSPITAL,14114 ALABAMA ST,JAY,FL,32565,GENERAL ACUTE CARE,49,30.94984954,-87.15126923,49
20932055,LAKE CITY MEDICAL CENTER,340 NW COMMERCE DR,LAKE CITY,FL,32055,GENERAL ACUTE CARE,103,30.183729,-82.68774475,103
35732060,LAKE CITY MEDICAL CENTER SUWANNEE CAMPUS,1100 SW 11TH ST,LIVE OAK,FL,32060,GENERAL ACUTE CARE,2,30.29126759,-83.00294843,2
21633430,LAKESIDE MEDICAL CENTER,39200 HOOKER HWY,BELLE GLADE,FL,33430,GENERAL ACUTE CARE,70,26.72427155,-80.67111188,70
22933040,LOWER KEYS MEDICAL CENTER,5900 COLLEGE RD,KEY WEST,FL,33040,GENERAL ACUTE CARE,118,24.58082495,-81.74258028,118
32334972,RAULERSON HOSPITAL,1796 HWY 441 NORTH,OKEECHOBEE,FL,34972,GENERAL ACUTE CARE,100,27.26026803,-80.82869498,100
76432347,SARASOTA MEMORIAL HOSPITAL - VENICE,2600 LAUREL RD E,NORTH VENICE,FL,34275,GENERAL ACUTE CARE,110,30.12791252,-83.57804872,110
8130701,ADVENTHEALTH GORDON,1035 RED BUD ROAD,CALHOUN,GA,30701,GENERAL ACUTE CARE,69,34.5102282,-84.926543,69
3531513,APPLING HOSPITAL,163 E TOLLISON STREET,BAXLEY,GA,31513,GENERAL ACUTE CARE,49,31.76931073,-82.34884932,49
1330439,CANDLER COUNTY HOSPITAL,400 CEDAR STREET,METTER,GA,30439,CRITICAL ACCESS,25,32.40713253,-82.06552421,25
85431015,CRISP REGIONAL HOSPITAL,902 7TH STREET NORTH,CORDELE,GA,31015,GENERAL ACUTE CARE,73,31.97752285,-83.78134503,73
10930458,EAST GEORGIA REGIONAL MEDICAL CENTER,1499 FAIR ROAD,STATESBORO,GA,30458,GENERAL ACUTE CARE,149,32.41479139,-81.76996101,149
7930635,ELBERT MEMORIAL HOSPITAL,4 MEDICAL DRIVE,ELBERTON,GA,30635,GENERAL ACUTE CARE,25,34.11339324,-82.8749545,25
8030401,EMANUEL MEDICAL CENTER,117 KITE ROAD,SWAINSBORO,GA,30401,GENERAL ACUTE CARE,72,32.59249776,-82.34780425,72
10030417,EVANS MEMORIAL HOSPITAL,200 N RIVER STREET,CLAXTON,GA,30417,GENERAL ACUTE CARE,49,32.16588314,-81.89902445,49
5431063,FLINT RIVER COMMUNITY HOSPITAL,"509 SUMTER STREET, PO BOX 770",MONTEZUMA,GA,31063,GENERAL ACUTE CARE,49,32.29498489,-84.03075419,49
14330165,FLOYD MEDICAL CENTER,"304 TURNER MCCALL BLVD, PO BOX 233",ROME,GA,30162,GENERAL ACUTE CARE,284,34.25975347,-85.17914532,284
8630434,JEFFERSON HOSPITAL,1067 PEACHTREE ST,LOUISVILLE,GA,30434,GENERAL ACUTE CARE,37,33.00986749,-82.40554579,37
4930442,JENKINS COUNTY MEDICAL CENTER,931 EAST WINTHROPE AVENUE,MILLEN,GA,30442,CRITICAL ACCESS,25,32.80423951,-81.93453709,25
89730474,MEMORIAL HEALTH MEADOWS HOSPITAL,1 MEADOWS PARKWAY,VIDALIA,GA,30474,GENERAL ACUTE CARE,57,32.20859527,-82.3752472,57
12531717,MEMORIAL HOSPITAL AND MANOR,1500 E SHOTWELL STREET,BAINBRIDGE,GA,39819,GENERAL ACUTE CARE,80,30.90277398,-84.55244719,80
6331737,MILLER COUNTY HOSPITAL,209 N CUTHBERT STREET,COLQUITT,GA,39837,CRITICAL ACCESS,25,31.17548231,-84.73501832,25
5530467,OPTIM MEDICAL CENTER - SCREVEN,215 MIMS ROAD,SYLVANIA,GA,30467,CRITICAL ACCESS,25,32.7502504,-81.64701956,25
10730453,OPTIM MEDICAL CENTER - TATTNALL,247 S MAIN STREET,REIDSVILLE,GA,30453,CRITICAL ACCESS,25,32.08052775,-82.10912263,25
87531719,PHOEBE SUMTER MEDICAL CENTER,126 HIGHWAY 280 W,AMERICUS,GA,31719,GENERAL ACUTE CARE,76,32.06696234,-84.2560502,76
16530165,REDMOND REGIONAL MEDICAL CENTER,501 REDMOND ROAD,ROME,GA,30165,GENERAL ACUTE CARE,230,34.27679339,-85.19492929,230
88931545,WAYNE MEMORIAL HOSPITAL,865 SOUTH FIRST STREET,JESUP,GA,31545,GENERAL ACUTE CARE,88,31.60095713,-81.89990856,88
196784573,WILLINGWAY HOSPITAL,311 JONES MILL ROAD,STATESBORO,GA,30458,GENERAL ACUTE CARE,46,32.4442835,-81.7577227,46
11930673,WILLS MEMORIAL HOSPITAL,120 GORDON STREET,WASHINGTON,GA,30673,GENERAL ACUTE CARE,25,33.72860629,-82.74239942,25
296727,HALE HO'OLA HAMAKUA,45-547 PLUMERIA STREET,HONOKAA,HI,96727,CRITICAL ACCESS,11,20.07617304,-155.46982965,11
696720,HILO MEDICAL CENTER,1190 WAIANUENUE AVENUE,HILO,HI,96720,GENERAL ACUTE CARE,166,19.7181397,-155.11284187,166
1496750,KONA COMMUNITY HOSPITAL,79-1019 HAUKAPILA STREET,KEALAKEKUA,HI,96750,GENERAL ACUTE CARE,94,19.52003097,-155.91741004,94
2596746,SAMUEL MAHELONA MEMORIAL HOSPITAL,4800 KAWAIHAU ROAD,KAPAA,HI,96746,CRITICAL ACCESS,14,22.08782195,-159.31287536,14
2996766,WILCOX MEMORIAL HOSPITAL,3-3420 KUHIO HIGHWAY,LIHUE,HI,96766,GENERAL ACUTE CARE,72,21.98614785,-159.36492446,72
1196777,KAU HOSPITAL,1 KAMANI STREET,PAHALA,HI,96777,CRITICAL ACCESS,21,19.19966254,-155.47213604,21
196496796,KAUAI VETERANS MEMORIAL HOSPITAL,4643 WAIMEA CANYON ROAD,WAIMEA,HI,96796,CRITICAL ACCESS,25,21.96085624,-159.67061924,25
1396755,KOHALA HOSPITAL,54-383 HOSPITAL ROAD,KAPAAU,HI,96755,CRITICAL ACCESS,6,20.23251042,-155.79682924,6
2096748,MOLOKAI GENERAL HOSPITAL,280 HOME OLU PLACE,KAUNAKAKAI,HI,96748,CRITICAL ACCESS,15,21.09410802,-157.01725267,15
2196743,NORTH HAWAII COMMUNITY HOSPITAL,67-1125 MAMALAHOA HIGHWAY,KAMUELA,HI,96743,GENERAL ACUTE CARE,35,20.0223089,-155.66442089,35
1183254,BEAR LAKE MEMORIAL HOSPITAL,164 S FIFTH ST,MONTPELIER,ID,83254,CRITICAL ACCESS,21,42.31616307,-111.30027387,21
1783276,CARIBOU MEMORIAL HOSPITAL,300 S 3RD W,SODA SPRINGS,ID,83276,CRITICAL ACCESS,25,42.65149052,-111.61473571,25
4383611,CASCADE MEDICAL CENTER,402 LAKE CASCADE PARKWAY,CASCADE,ID,83611,CRITICAL ACCESS,10,44.51836988,-116.04937908,10
283544,CLEARWATER VALLEY HOSPITAL AND CLINICS,301 CEDAR ST,OROFINO,ID,83544,CRITICAL ACCESS,23,46.48692916,-116.2597695,23
2683213,LOST RIVERS MEDICAL CENTER,551 HIGHLAND DR,ARCO,ID,83213,CRITICAL ACCESS,14,43.63957481,-113.29523287,14
155883252,NELL J REDFIELD MEMORIAL HOSPITAL,150 N 200 W,MALAD,ID,83252,CRITICAL ACCESS,11,42.18941981,-112.25033246,11
3483837,SHOSHONE MEDICAL CENTER,25 JACOBS GULCH RD,KELLOGG,ID,83837,CRITICAL ACCESS,25,47.54639827,-116.1306131,25
155983647,ST LUKE'S ELMORE MEDICAL CENTER,895 N 6TH E,MOUNTAIN HOME,ID,83647,CRITICAL ACCESS,25,43.13889106,-115.69359629,25
3783638,ST LUKE'S MCCALL,1000 STATE ST,MCCALL,ID,83638,CRITICAL ACCESS,15,44.90904813,-116.1101393,15
156083340,ST LUKE'S WOOD RIVER MEDICAL CENTER,100 HOSPITAL DR,KETCHUM,ID,83340,CRITICAL ACCESS,25,43.64832025,-114.35002103,25
4883522,ST MARY'S HOSPITAL,701 LEWISTON ST,COTTONWOOD,ID,83522,CRITICAL ACCESS,25,46.05038016,-116.35329954,25
3883467,STEELE MEMORIAL MEDICAL CENTER,203 S DAISY ST,SALMON,ID,83467,CRITICAL ACCESS,18,45.17328967,-113.89174697,18
1983530,SYRINGA GENERAL HOSPITAL,607 W MAIN ST,GRANGEVILLE,ID,83530,CRITICAL ACCESS,16,45.92706836,-116.12721659,16
4283672,WEISER MEMORIAL HOSPITAL,645 E 5TH ST,WEISER,ID,83672,CRITICAL ACCESS,25,44.24872401,-116.96244126,25
14762363,BLESSING CARE CORPORATION,640 W WASHINGTON ST,PITTSFIELD,IL,62363,CRITICAL ACCESS,35,39.60744348,-90.8151327,35
18362839,CLAY COUNTY HOSPITAL,911 STACY BURK DRIVE,FLORA,IL,62839,CRITICAL ACCESS,20,38.68085081,-88.47281706,20
14462837,FAIRFIELD MEMORIAL HOSPITAL,303 NW 11TH STREET,FAIRFIELD,IL,62837,CRITICAL ACCESS,55,38.38124819,-88.37526611,55
14860942,HOOPESTON COMMUNITY MEMORIAL HOSPITAL,701 E ORANGE ST,HOOPESTON,IL,60942,CRITICAL ACCESS,24,40.45868989,-87.65973327,24
4761832,OSF HEALTHCARE SYSTEM,812 NORTH LOGAN AVE,DANVILLE,IL,61832,GENERAL ACUTE CARE,174,40.13783245,-87.64543324,174
7861764,SAINT JAMES HOSPITAL,2500 WEST REYNOLDS STREET,PONTIAC,IL,61764,GENERAL ACUTE CARE,42,40.87099748,-88.67951509,42
186557625,CHEYENNE RIVER HOSPITAL,317 MAIN STREET,EAGLE BUTTE,SD,57625,CRITICAL ACCESS,8,44.99173863,-101.24401051,8
196784580,FORT YATES HOSPITAL,"1010 RIVER ROAD, HIGHWAY 1806",FORT YATES,ND,58538,CRITICAL ACCESS,-999,46.09521,-100.62815691,-999
1487505,SANTA FE HOSPITAL,1700 CERRILLOS ROAD,SANTA FE,NM,87501,CRITICAL ACCESS,30,35.66833888,-105.97044038,30
2987327,ZUNI COMPREHENSIVE COMMUNITY HEALTH CENTER,"ROUTE 301, NORTH B STREET",ZUNI,NM,87327,CRITICAL ACCESS,28,35.08720767,-108.79112676,28
3059526,FORT BELKNAP HOSPITAL,669 MAIN STREET,HARLEM,MT,59526,CRITICAL ACCESS,-999,48.4824411,-108.76295174,-999
3174571,CHOCTAW NATION INDIAN HOSPITAL - TALIHINA,1 CHOCTAW WAY,TALIHINA,OK,74571,CRITICAL ACCESS,-999,34.75598378,-95.08438843,-999
2574820,CHICKASAW NATION MEDICAL CENTER,1921 STONECIPHER BLVD,ADA,OK,74820,CRITICAL ACCESS,-999,34.73116768,-96.64541977,-999
3286045,TUBA CITY REGIONAL HEALTH CARE,167 N MAIN STREET AND EAST ELM AVE,TUBA CITY,AZ,86045,CRITICAL ACCESS,-999,36.13585509,-111.23679195,-999
1173507,LAWTON HOSPITAL,1515 LAWRIE TATUM ROAD,LAWTON,OK,73507,CRITICAL ACCESS,26,34.62759832,-98.38424195,26
3486042,HOPI HEALTH CARE CENTER - KEAMS CANYON,"HWY 264, MILE MARKER 388",POLACCA,AZ,86042,CRITICAL ACCESS,-999,35.80210604,-110.42658366,-999
1385344,PARKER IHS INDIAN HOSPITAL,12033 AGENCY ROAD,PARKER,AZ,85344,CRITICAL ACCESS,-999,34.14735215,-114.30203277,-999
1439350,MS BAND OF CHOCTAW HOSPITAL,210 HOSPITAL CIRCLE,CHOCTAW,MS,39350,CRITICAL ACCESS,20,32.7823732,-89.23075186,20
196784583,CHINLE COMPREHENSIVE HEALTH CARE FACILITY,"OFF HIGHWAY 191, PHS/IHS DR",CHINLE,AZ,86503,CRITICAL ACCESS,-999,36.15778492,-109.60792641,-999
1887313,CROWNPOINT HEALTHCARE FACILITY,NM STATE ROAD 371 AND ROUTE 9,CROWNPOINT,NM,87313,CRITICAL ACCESS,32,35.69866636,-108.13961045,32
173186504,FORT DEFIANCE INDIAN HOSPITAL,"HWY 12 AND BONITO DR, BLDG FD 3002",FORT DEFIANCE,AZ,86504,CRITICAL ACCESS,-999,35.75910876,-109.04847451,-999
1787301,GALLUP INDIAN MEDICAL CENTER,516 E NIZHONI BLVD,GALLUP,NM,87301,CRITICAL ACCESS,99,35.50764586,-108.72988049,99
2099559,YUKON - KUSKOKWIM - DELTA REGIONAL HOSPITAL,700 EDDIE HOFFMAN HIGHWAY,BETHEL,AK,99559,CRITICAL ACCESS,37,60.78834235,-161.78461278,37
2299752,MANIILAQ HEALTH CENTER - HOSPITAL,436 5TH AVENUE,KOTZEBUE,AK,99752,CRITICAL ACCESS,17,66.89600162,-162.58682625,17
4057770,PINE RIDGE HOSPITAL,HWY 18 EAST,PINE RIDGE,SD,57770,CRITICAL ACCESS,45,43.02367851,-102.5412902,45
196784584,QUENTIN N BURDICK MEMORIAL HEALTH FACILITY,1ST MAIN STREET HOSPITAL ROAD,BELCOURT,ND,58316,CRITICAL ACCESS,-999,48.84349575,-99.748661,-999
4157570,ROSEBUD HOSPITAL,"BIA ROUTE 1, SOLDER CREEK ROAD",ROSEBUD,SD,57570,CRITICAL ACCESS,35,43.25674297,-100.85060972,35
1199576,KANAKANAK HOSPITAL,6000 KANAKANAK ROAD,DILLINGHAM,AK,99576,CRITICAL ACCESS,14,59.00047476,-158.5363123,14
1799835,SITKA - SEARHC MT. EDGECUMBE HOSPITAL,222 TONGASS DRIVE,SITKA,AK,99835,CRITICAL ACCESS,25,57.05156556,-135.35487674,25
196784585,NOME - NORTON SOUND REGIONAL HOSPITAL,306 WEST 5TH AVENUE,NOME,AK,99762,CRITICAL ACCESS,-999,64.502203,-165.4059477,-999
5287420,NORTHERN NAVAJO MEDICAL CENTER,HWY 491 NORTH,SHIPROCK,NM,87420,CRITICAL ACCESS,55,36.80525916,-108.69141014,55
196784586,SELLS HOSPITAL,HWY 86 AND TOPAWA RD,SELLS,AZ,85634,CRITICAL ACCESS,-999,31.91867425,-111.89026876,-999
4659417,BLACKFEET COMMUNITY HOSPITAL,760 HOSPITAL CIRCLE,BROWNING,MT,59417,CRITICAL ACCESS,26,48.5656912,-113.01973017,26
4759022,CROW HOSPITAL,10110 SOUTH 7650 EAST,CROW AGENCY,MT,59022,CRITICAL ACCESS,-999,45.58207982,-107.44885022,-999
69386505,SAGE MEMORIAL HOSPITAL,US-191 AND AZ-264,GANADO,AZ,86505,CRITICAL ACCESS,25,35.71075607,-109.54352393,25
552136,REGIONAL HEALTH SERVICES OF HOWARD COUNTY,235 EIGHTH AVENUE WEST,CRESCO,IA,52136,CRITICAL ACCESS,19,43.38137658,-92.1179944,19
157767701,ALLEN COUNTY REGIONAL HOSPITAL,3066 NORTH KENTUCKY STREET,IOLA,KS,66749,CRITICAL ACCESS,25,37.94879933,-95.39173385,25
367831,ASHLAND HEALTH CENTER,"625 SOUTH KENTUCKY, PO BOX 188",ASHLAND,KS,67831,CRITICAL ACCESS,25,37.18918011,-99.77242157,25
5667544,CLARA BARTON HOSPITAL,250 WEST 9TH STREET,HOISINGTON,KS,67544,CRITICAL ACCESS,23,38.52243533,-98.77846324,23
1066901,CLOUD COUNTY HEALTH CENTER,1100 HIGHLAND DRIVE,CONCORDIA,KS,66901,CRITICAL ACCESS,25,39.56553726,-97.67349246,25
2467029,COMANCHE COUNTY HOSPITAL,2ND AND FRISCO,COLDWATER,KS,67029,CRITICAL ACCESS,12,37.26807941,-99.33265465,12
9066508,COMMUNITY MEMORIAL HEALTHCARE,708 N 18TH ST,MARYSVILLE,KS,66508,CRITICAL ACCESS,25,39.84870013,-96.63543924,25
6967547,EDWARDS COUNTY HOSPITAL,"620 WEST 8TH STREET, PO BOX 99",KINSLEY,KS,67547,CRITICAL ACCESS,12,37.92124642,-99.42022212,12
3267526,ELLINWOOD DISTRICT HOSPITAL,605 NORTH MAIN STREET,ELLINWOOD,KS,67526,CRITICAL ACCESS,25,38.36032821,-98.58064947,25
3367439,ELLSWORTH COUNTY MEDICAL CENTER,"1604 AYLWARD AVENUE, PO BOX 87",ELLSWORTH,KS,67439,CRITICAL ACCESS,18,38.74271097,-98.21966048,18
4166736,FREDONIA REGIONAL HOSPITAL,"1527 MADISON, PO BOX 579",FREDONIA,KS,66736,CRITICAL ACCESS,25,37.53406788,-95.81415202,25
4566743,GIRARD MEDICAL CENTER,302 NORTH HOSPITAL DRIVE,GIRARD,KS,66743,CRITICAL ACCESS,25,37.51460366,-94.85772981,25
13767879,GREELEY COUNTY HEALTH SERVICES,"506 THIRD STREET, PO BOX 338",TRIBUNE,KS,67879,CRITICAL ACCESS,18,38.47033595,-101.74939495,18
1267045,GREENWOOD COUNTY HOSPITAL,100 WEST 16TH STREET,EUREKA,KS,67045,CRITICAL ACCESS,25,37.83569758,-96.2938025,25
12167572,GRISELL MEMORIAL HOSPITAL DIST NUMBER 1,210 SOUTH VERMONT,RANSOM,KS,67572,CRITICAL ACCESS,25,38.63598862,-99.93115241,25
13667878,HAMILTON COUNTY HOSPITAL,"700 NORTH HUSER, PO BOX 948",SYRACUSE,KS,67878,CRITICAL ACCESS,25,37.98486315,-101.74243241,25
7467068,KINGMAN HEALTHCARE CENTER,750 W AVE D,KINGMAN,KS,67068,CRITICAL ACCESS,25,37.64764868,-98.12321998,25
1667054,KIOWA COUNTY MEMORIAL HOSPITAL,721 WEST KANSAS,GREENSBURG,KS,67054,CRITICAL ACCESS,15,37.60555278,-99.30143756,15
158667070,KIOWA DISTRICT HOSPITAL,1002 SOUTH 4TH STREET,KIOWA,KS,67070,CRITICAL ACCESS,10,37.00769961,-98.48857262,10
8667455,LINCOLN COUNTY HOSPITAL,"624 N 2ND ST, PO BOX 406",LINCOLN,KS,67455,CRITICAL ACCESS,14,39.04541184,-98.14389058,14
6867456,LINDSBORG COMMUNITY HOSPITAL,605 WEST LINCOLN STREET,LINDSBORG,KS,67456,CRITICAL ACCESS,21,38.57295398,-97.68353216,21
7667864,MEADE DISTRICT HOSPITAL,510 EAST CARTHAGE,MEADE,KS,67864,CRITICAL ACCESS,20,37.28659962,-100.33408992,20
9267104,MEDICINE LODGE MEMORIAL HOSPITAL,710 N WALNUT ST,MEDICINE LODGE,KS,67104,CRITICAL ACCESS,25,37.28917464,-98.57724417,25
2067420,MITCHELL COUNTY HOSPITAL HEALTH SYSTEMS,"400 W 8TH STREET, PO BOX 399",BELOIT,KS,67420,CRITICAL ACCESS,25,39.46720382,-98.1143798,25
12466538,NEMAHA VALLEY COMMUNITY HOSPITAL,1600 COMMUNITY DRIVE,SENECA,KS,66538,CRITICAL ACCESS,22,39.83744,-96.07813051,22
666720,NEOSHO MEMORIAL REGIONAL MED CENTER,629 SOUTH PLUMMER,CHANUTE,KS,66720,CRITICAL ACCESS,25,37.675277,-95.47211654,25
9467560,NESS COUNTY HOSPITAL DISTRICT NUMBER 2,312 E CUSTER ST,NESS CITY,KS,67560,CRITICAL ACCESS,25,38.45825339,-99.90164077,25
9567654,NORTON COUNTY HOSPITAL,"102 EAST HOLME, PO BOX 250",NORTON,KS,67654,CRITICAL ACCESS,25,39.83794589,-99.8881128,25
10167473,OSBORNE COUNTY MEMORIAL HOSPITAL,"237 W HARRISON STREET, SUITE 100",OSBORNE,KS,67473,CRITICAL ACCESS,16,39.43717595,-98.70148391,16
7767467,OTTAWA COUNTY HEALTH CENTER,"215 E 8TH ST, PO BOX 290",MINNEAPOLIS,KS,67467,CRITICAL ACCESS,25,39.12933196,-97.70394425,25
189667003,PATTERSON HEALTH CENTER,485 N KS HWY 2,ANTHONY,KS,67003,CRITICAL ACCESS,25,37.22275096,-98.04088225,25
5567550,PAWNEE VALLEY COMMUNITY HOSPITAL,923 CARROLL AVENUE,LARNED,KS,67550,CRITICAL ACCESS,25,38.18433464,-99.10748249,25
11467661,PHILLIPS COUNTY HEALTH SYSTEMS,"1150 STATE STREET, PO BOX 607",PHILLIPSBURG,KS,67661,CRITICAL ACCESS,25,39.75532902,-99.31323179,25
1767730,RAWLINS COUNTY HEALTH CENTER,707 GRANT STREET,ATWOOD,KS,67730,CRITICAL ACCESS,15,39.8138896,-101.03834259,15
12767870,SATANTA DISTRICT HOSPITAL,"401 S CHEYENNE STREET, PO BOX 159",SATANTA,KS,67870,CRITICAL ACCESS,13,37.43709292,-100.98656288,13
13067578,STAFFORD COUNTY HOSPITAL,502 S BUCKEYE,STAFFORD,KS,67578,CRITICAL ACCESS,25,37.95668332,-98.59544381,25
6467855,STANTON COUNTY HOSPITAL,404 N CHESTNUT,JOHNSON CITY,KS,67855,CRITICAL ACCESS,18,37.57407557,-101.74989663,18
6067951,STEVENS COUNTY HOSPITAL,1006 S JACKSON,HUGOTON,KS,67951,CRITICAL ACCESS,25,37.17111174,-101.3491863,25
2167022,SUMNER COUNTY HOSPITAL DISTRICT NO. 1,601 SOUTH OSAGE STREET,CALDWELL,KS,67022,CRITICAL ACCESS,25,37.02613414,-97.61026422,25
15767156,WILLIAM NEWTON MEMORIAL HOSPITAL,1300 EAST 5TH AVENUE,WINFIELD,KS,67156,CRITICAL ACCESS,25,37.24516807,-96.98210155,25
9366757,WILSON MEDICAL CENTER,REECE CAMPUS 2600 OTTAWA ROAD,NEODESHA,KS,66757,CRITICAL ACCESS,15,37.40957059,-95.70833215,15
3140831,HARLAN ARH HOSPITAL,81 BALL PARK ROAD,HARLAN,KY,40831,GENERAL ACUTE CARE,150,36.80945517,-83.31359839,150
6142167,MONROE COUNTY MEDICAL CENTER,529 CAPP HARLAN ROAD,TOMPKINSVILLE,KY,42167,GENERAL ACUTE CARE,49,36.6988825,-85.67646626,49
9740033,SPRING VIEW HOSPITAL,320 LORETTO ROAD,LEBANON,KY,40033,GENERAL ACUTE CARE,75,37.56982888,-85.26145641,75
1142749,THE MEDICAL CENTER AT CAVERNA,1501 SOUTH DIXIE STREET,HORSE CAVE,KY,42749,CRITICAL ACCESS,25,37.16130615,-85.92303816,25
1642064,CRITTENDEN COMMUNITY HOSPITAL,520 WEST GUM STREET,MARION,KY,42064,GENERAL ACUTE CARE,48,37.32921123,-88.09257544,48
6040965,MIDDLESBORO APPALACHIAN REGIONAL HEALTHCARE HOSPITAL,3600 WEST CUMBERLAND AVENUE,MIDDLESBORO,KY,40965,GENERAL ACUTE CARE,96,36.60582647,-83.74019273,96
11342211,TRIGG COUNTY HOSPITAL,254 MAIN STREET,CADIZ,KY,42211,CRITICAL ACCESS,25,36.86634023,-87.82153878,25
3770634,BEAUREGARD MEMORIAL HOSPITAL,600 SOUTH PINE STREET,DERIDDER,LA,70634,GENERAL ACUTE CARE,28,30.84156468,-93.28842796,28
4371446,BYRD REGIONAL HOSPITAL,1020 FERTITTA BOULEVARD,LEESVILLE,LA,71446,GENERAL ACUTE CARE,60,31.13867128,-93.26908767,60
1271019,CHRISTUS COUSHATTA HEALTH CARE CENTER,1635 MARVEL ST,COUSHATTA,LA,71019,GENERAL ACUTE CARE,25,32.02050171,-93.34384807,25
5371418,CITIZENS MEDICAL CENTER,7939 US HWY 165 SOUTH,COLUMBIA,LA,71418,GENERAL ACUTE CARE,40,32.0773298,-92.09444821,40
161571040,CLAIBORNE MEMORIAL MEDICAL CENTER,620 EAST COLLEGE STREET,HOMER,LA,71040,GENERAL ACUTE CARE,47,32.79406438,-93.0617495,47
6271254,EAST CARROLL PARISH HOSPITAL,336 NORTH HOOD STREET,LAKE PROVIDENCE,LA,71254,GENERAL ACUTE CARE,23,32.81056968,-91.17235444,23
22271465,HARDTNER MEDICAL CENTER,1102 N PINE RD,OLLA,LA,71465,CRITICAL ACCESS,35,31.86065862,-92.27558967,35
8870345,LADY OF THE SEA GENERAL HOSPITAL,200 WEST 134TH PLACE,CUT OFF,LA,70345,GENERAL ACUTE CARE,25,29.45689087,-90.31135981,25
9671342,LASALLE GENERAL HOSPITAL,"187 NINTH STREET, HIGHWAY 84 WEST",JENA,LA,71342,GENERAL ACUTE CARE,49,31.69407196,-92.15747187,49
11271457,NATCHITOCHES REGIONAL MEDICAL CENTER,501 KEYSER AVENUE,NATCHITOCHES,LA,71457,GENERAL ACUTE CARE,96,31.75257047,-93.07821982,96
16571449,SABINE MEDICAL CENTER,240 HIGHLAND DRIVE,MANY,LA,71449,GENERAL ACUTE CARE,48,31.5603097,-93.47144539,48
21070775,WEST FELICIANA PARISH HOSPITAL,"5266 COMMERCE STREET, BUILDING B",SAINT FRANCISVILLE,LA,70775,GENERAL ACUTE CARE,12,30.78371481,-91.36667285,12
21471483,WINN PARISH MEDICAL CENTER,301 WEST BOUNDARY AVE,WINNFIELD,LA,71483,GENERAL ACUTE CARE,48,31.92450593,-92.64550955,48
1904462,MILLINOCKET REGIONAL HOSPITAL,200 SOMERSET STREET,MILLINOCKET,ME,4462,CRITICAL ACCESS,25,45.65287152,-68.7159278,25
2004457,PENOBSCOT VALLEY HOSPITAL,"7 TRANSALPINE ROAD, PO BOX 368",LINCOLN,ME,4457,CRITICAL ACCESS,25,45.34792858,-68.51733351,25
4049829,ST FRANCIS HOSPITAL,3401 LUDINGTON ST,ESCANABA,MI,49829,GENERAL ACUTE CARE,25,45.74256639,-87.09600401,25
17749854,SCHOOLCRAFT MEMORIAL HOSPITAL,7870W US HIGHWAY 2,MANISTIQUE,MI,49854,GENERAL ACUTE CARE,12,45.946684,-86.27615385,12
1549862,MUNISING MEMORIAL HOSPITAL,1500 SAND POINT RD,MUNISING,MI,49862,CRITICAL ACCESS,11,46.42527107,-86.6251853,11
11449953,"ASPIRUS ONTONAGON HOSPITAL, INC",601 S SEVENTH ST,ONTONAGON,MI,49953,GENERAL ACUTE CARE,18,46.86559536,-89.30165846,18
2048441,HARBOR BEACH COMMUNITY HOSPITAL,210 S FIRST ST,HARBOR BEACH,MI,48441,CRITICAL ACCESS,15,43.84266263,-82.65211568,15
5549935,"ASPIRUS IRON RIVER HOSPITAL AND CLINICS, INC",1400 W ICE LAKE ROAD,IRON RIVER,MI,49935,GENERAL ACUTE CARE,25,46.0998841,-88.61927448,25
13056208,APPLETON AREA HEALTH,30 SOUTH BEHL STREET,APPLETON,MN,56208,CRITICAL ACCESS,15,45.19992493,-96.00889968,15
11456628,BIGFORK VALLEY HOSPITAL,258 PINE TREE DRIVE,BIGFORK,MN,56628,CRITICAL ACCESS,20,47.74742734,-93.64575966,20
8556265,CCM HEALTH,824 NORTH 11TH STREET,MONTEVIDEO,MN,56265,CRITICAL ACCESS,30,44.95441177,-95.71176182,30
13256510,ESSENTIA HEALTH ADA,201 9TH STREET WEST,ADA,MN,56510,CRITICAL ACCESS,14,47.2975873,-96.53129245,14
6756542,ESSENTIA HEALTH FOSSTON,900 HILLIGOSS BOULEVARD SE,FOSSTON,MN,56542,CRITICAL ACCESS,43,47.57128506,-95.73946824,43
12756240,ESSENTIA HEALTH HOLY TRINITY,115 WEST 2ND STREET,GRACEVILLE,MN,56240,CRITICAL ACCESS,15,45.56271243,-96.43388878,15
11356232,JOHNSON MEMORIAL HOSP AND HOME,1282 WALNUT STREET,DAWSON,MN,56232,CRITICAL ACCESS,15,44.93134595,-96.0666709,15
12956728,KITTSON MEMORIAL HOSPITAL,1010 SOUTH BIRCH AVENUE,HALLOCK,MN,56728,CRITICAL ACCESS,15,48.7671194,-96.94021137,15
12856623,LAKEWOOD HEALTH CENTER,600 MAIN AVENUE SOUTH,BAUDETTE,MN,56623,CRITICAL ACCESS,15,48.70658326,-94.6004167,15
13356256,MADISON HOSPITAL,820 3RD AVENUE,MADISON,MN,56256,CRITICAL ACCESS,12,45.01812514,-96.18792649,12
12156557,MAHNOMEN HEALTH CENTER,414 WEST JEFFERSON AVENUE,MAHNOMEN,MN,56557,CRITICAL ACCESS,18,47.31174979,-95.97285242,18
12555604,NORTH SHORE HEALTH,515 5TH AVENUE WEST,GRAND MARAIS,MN,55604,CRITICAL ACCESS,16,47.75648065,-90.34142679,16
10756278,ORTONVILLE AREA HEALTH SERVICE,450 EASTVOLD AVENUE,ORTONVILLE,MN,56278,CRITICAL ACCESS,25,45.31536792,-96.44581588,25
6256649,RAINY LAKE MEDICAL CENTER,1400 HIGHWAY 71,INTERNATIONAL FALLS,MN,56649,CRITICAL ACCESS,25,48.59480202,-93.43177034,25
10156220,SANFORD CANBY MEDICAL CENTER,112 ST OLAF AVENUE SOUTH,CANBY,MN,56220,CRITICAL ACCESS,25,44.70782153,-96.27844799,25
14556701,SANFORD MED CTR THIEF RVR FALL,3001 SANFORD PARKWAY,THIEF RIVER FALLS,MN,56701,CRITICAL ACCESS,26,48.10253762,-96.1836324,26
13556183,SANFORD WESTBROOK MEDICAL CTR,920 BELL AVENUE,WESTBROOK,MN,56183,CRITICAL ACCESS,8,44.0456081,-95.43934259,8
5356267,STEVENS COMMUNITY MEDICAL CTR,400 EAST 1ST STREET,MORRIS,MN,56267,CRITICAL ACCESS,49,45.58489854,-95.90503045,49
8156215,SWIFT COUNTY BENSON HLTH SVCS,1815 WISCONSIN AVENUE,BENSON,MN,56215,CRITICAL ACCESS,21,45.31435721,-95.60903789,21
7656101,WINDOM AREA HEALTH,2150 HOSPITAL DRIVE,WINDOM,MN,56101,CRITICAL ACCESS,18,43.87910241,-95.11331123,18
1439090,BAPTIST MEDICAL CENTER - ATTALA,220 HIGHWAY 12 WEST,KOSCIUSKO,MS,39090,CRITICAL ACCESS,25,33.06586615,-89.59836339,25
5139051,BAPTIST MEDICAL CENTER LEAKE,1100 HIGHWAY 16 EAST,CARTHAGE,MS,39051,GENERAL ACUTE CARE,25,32.739439,-89.517516,25
11639194,BAPTIST MEDICAL CENTER YAZOO,823 GRAND AVENUE,YAZOO CITY,MS,39194,CRITICAL ACCESS,25,32.8588947,-90.40425941,25
4938916,BAPTIST MEMORIAL HOSPITAL - CALHOUN,140 BURKE-CALHOUN CITY ROAD,CALHOUN CITY,MS,38916,GENERAL ACUTE CARE,25,33.8708532,-89.31837329,25
2039150,CLAIBORNE COUNTY HOSPITAL,123 MCCOMB AVENUE,PORT GIBSON,MS,39150,GENERAL ACUTE CARE,32,31.94631084,-90.98471094,32
171439083,COPIAH COUNTY MEDICAL CENTER,27190 HWY 28,HAZLEHURST,MS,39083,CRITICAL ACCESS,25,31.8713551,-90.41463576,25
12439631,FIELD HEALTH SYSTEMS,178 HIGHWAY 24 EAST,CENTREVILLE,MS,39631,GENERAL ACUTE CARE,25,31.08209929,-91.0588784,25
2839451,GREENE COUNTY HOSPITAL,1017 JACKSON AVENUE,LEAKESVILLE,MS,39451,GENERAL ACUTE CARE,7,31.15399173,-88.56278243,7
3839474,JEFFERSON DAVIS GENERAL HOSPITAL,1102 ROSE STREET,PRENTISS,MS,39474,GENERAL ACUTE CARE,35,31.59463819,-89.8722649,35
5039654,LAWRENCE COUNTY HOSPITAL,1065 EAST BROAD STREET,MONTICELLO,MS,39654,CRITICAL ACCESS,25,31.55407036,-90.0998427,25
10639111,MAGEE GENERAL HOSPITAL,300 S E THIRD AVENUE SE,MAGEE,MS,39111,GENERAL ACUTE CARE,44,31.87118017,-89.72902186,44
7339350,NESHOBA COUNTY GENERAL HOSPITAL,1001 HOLLAND AVENUE,PHILADELPHIA,MS,39350,GENERAL ACUTE CARE,48,32.75696071,-89.10626096,48
2338614,NORTHWEST MS MEDICAL CENTER,1970 HOSPITAL DRIVE,CLARKSDALE,MS,38614,GENERAL ACUTE CARE,181,34.19596032,-90.55221628,181
9339153,PATIENTS CHOICE MEDICAL CENTER OF SMITH COUNTY,347 MAGNOLIA DRIVE,RALEIGH,MS,39153,GENERAL ACUTE CARE,29,32.00013987,-89.51948724,29
8239470,PEARL RIVER COUNTY HOSPITAL,305 WEST MOODY STREET,POPLARVILLE,MS,39470,CRITICAL ACCESS,24,30.8565401,-89.54201063,24
9039074,S.E. LACKEY MEMORIAL HOSPITAL,330 NORTH BROAD STREET,FOREST,MS,39074,GENERAL ACUTE CARE,35,32.36603131,-89.47023244,35
6439159,SHARKEY - ISSAQUENA COMMUNITY HOSPITAL,47 SOUTH FOURTH STREET,ROLLING FORK,MS,39159,GENERAL ACUTE CARE,29,32.90473853,-90.88455527,29
9639577,STONE COUNTY HOSPITAL,1434 EAST CENTRAL AVENUE,WIGGINS,MS,39577,CRITICAL ACCESS,25,30.84486814,-89.11577106,25
10038921,TALLAHATCHIE GENERAL HOSPITAL,201 SOUTH MARKET STREET,CHARLESTON,MS,38921,CRITICAL ACCESS,18,34.00405634,-90.05883233,18
5164402,MOSAIC MEDICAL CENTER - ALBANY,705 N COLLEGE STREET,ALBANY,MO,64402,CRITICAL ACCESS,25,40.25275515,-94.32438907,25
9663851,PEMISCOT COUNTY MEMORIAL HOSPITAL,946 EAST REED,HAYTI,MO,63851,GENERAL ACUTE CARE,167,36.23730747,-89.74070983,167
4765560,SALEM MEMORIAL DISTRICT HOSPITAL,"35629 HWY 72, PO BOX 774",SALEM,MO,65560,CRITICAL ACCESS,25,37.66045595,-91.56935238,25
16363664,WASHINGTON COUNTY MEMORIAL HOSPITAL,300 HEALTH WAY,POTOSI,MO,63664,CRITICAL ACCESS,25,37.92597311,-90.77266582,25
3259068,BEARTOOTH BILLINGS CLINIC,2525 N BROADWAY,RED LODGE,MT,59068,CRITICAL ACCESS,10,45.2122707,-109.24388104,10
859034,BIG HORN HOSPITAL,17 N MILES,HARDIN,MT,59034,CRITICAL ACCESS,18,45.72891672,-107.61653273,18
1359520,BIG SANDY MEDICAL CENTER,166 MONTANA AVENUE EAST,BIG SANDY,MT,59520,CRITICAL ACCESS,25,48.17879073,-110.1087565,25
6859716,BOZEMAN HEALTH BIG SKY MEDICAL CENTER,334 TOWN CENTER AVE,BIG SKY,MT,59716,CRITICAL ACCESS,8,45.26038213,-111.30093122,8
2859923,CABINET PEAKS MEDICAL CENTER,209 HEALTH PARK DRIVE,LIBBY,MT,59923,CRITICAL ACCESS,25,48.39154557,-115.54797204,25
2659457,CENTRAL MONTANA MEDICAL CENTER,408 WENDELL AVE,LEWISTOWN,MT,59457,CRITICAL ACCESS,25,47.05859421,-109.44395402,25
3059859,CLARK FORK VALLEY HOSPITAL,10 KRUGER RD,PLAINS,MT,59859,CRITICAL ACCESS,16,47.46847267,-114.88818837,16
659324,DAHL MEMORIAL HEALTHCARE ASSOCIATION,106 PARK E STREET,EKALAKA,MT,59324,CRITICAL ACCESS,25,45.88799551,-104.54849376,25
3559263,DANIELS MEMORIAL HOSPITAL,105 5TH AVENUE EAST,SCOBEY,MT,59263,CRITICAL ACCESS,25,48.78824639,-105.418244,25
259313,FALLON MEDICAL COMPLEX HOSPITAL,202 S 4TH ST W,BAKER,MT,59313,CRITICAL ACCESS,25,46.36595924,-104.28120337,25
2559337,GARFIELD COUNTY HEALTH CENTER,332 LEAVITT AVENUE,JORDAN,MT,59337,CRITICAL ACCESS,25,47.31887301,-106.91125528,25
2459330,GLENDIVE MEDICAL CENTER,202 PROSPECT DR,GLENDIVE,MT,59330,CRITICAL ACCESS,25,47.11742516,-104.70383362,25
4559858,GRANITE COUNTY MEDICAL CENTER,310 SANSOME,PHILIPSBURG,MT,59858,CRITICAL ACCESS,25,46.33007221,-113.29416393,25
4259522,LIBERTY MEDICAL CENTER,315 WEST MADISON AVENUE,CHESTER,MT,59522,CRITICAL ACCESS,25,48.51007217,-110.97204208,25
1959729,MADISON VALLEY MEDICAL CENTER,305 N MAIN ST,ENNIS,MT,59729,CRITICAL ACCESS,10,45.35174722,-111.732019,10
1459215,MCCONE COUNTY HEALTH CENTER,605 SULLIVAN AVE,CIRCLE,MT,59215,CRITICAL ACCESS,25,47.41884871,-105.58072724,25
1859872,MINERAL COMMUNITY HOSPITAL,1208 6TH AVE E,SUPERIOR,MT,59872,CRITICAL ACCESS,25,47.18526722,-114.87664823,25
2159442,MISSOURI RIVER MEDICAL CENTER,1501 ST CHARLES ST,FORT BENTON,MT,59442,CRITICAL ACCESS,25,47.82040447,-110.67227572,25
3959645,MOUNTAINVIEW MEDICAL CENTER,16 W MAIN,WHITE SULPHUR SPRINGS,MT,59645,CRITICAL ACCESS,25,46.54787597,-110.90441686,25
1159538,PHILLIPS COUNTY HOSPITAL,311 S 8TH AVE E,MALTA,MT,59538,CRITICAL ACCESS,6,48.35786599,-107.85943629,6
359011,PIONEER MEDICAL CENTER - CAH,301 WEST 7TH AVENUE,BIG TIMBER,MT,59011,CRITICAL ACCESS,25,45.82824546,-109.95207155,25
4659255,POPLAR COMMUNITY HOSPITAL,211 H STREET EAST,POPLAR,MT,59255,CRITICAL ACCESS,20,48.11532759,-105.19289747,20
2259349,PRAIRIE COMMUNITY HOSPITAL,312 S ADAMS,TERRY,MT,59349,CRITICAL ACCESS,25,46.79113406,-105.31559594,25
1659218,ROOSEVELT MEDICAL CENTER,818 2ND AVE E,CULBERTSON,MT,59218,CRITICAL ACCESS,25,48.1514501,-104.51461041,25
2059327,ROSEBUD HEALTH CARE CENTER HOSPITAL,383 N 17TH AVE,FORSYTH,MT,59327,CRITICAL ACCESS,24,46.27168931,-106.6703662,24
3459072,ROUNDUP MEMORIAL HEALTHCARE,1202 3RD ST W,ROUNDUP,MT,59072,CRITICAL ACCESS,25,46.45371666,-108.54570523,25
1259254,SHERIDAN MEMORIAL HOSPITAL,440 W LAUREL AVE,PLENTYWOOD,MT,59254,CRITICAL ACCESS,19,48.77918429,-104.56327699,19
3859270,SIDNEY HEALTH CENTER,216 14TH AVE SW,SIDNEY,MT,59270,CRITICAL ACCESS,25,47.71508896,-104.17315084,25
4359019,STILLWATER HOSPITAL ASSOCIATION INC,710 NORTH 11TH ST,COLUMBUS,MT,59019,CRITICAL ACCESS,16,45.64312768,-109.25914581,16
4159201,TRINITY HOSPITAL,315 KNAPP STREET,WOLF POINT,MT,59201,CRITICAL ACCESS,22,48.10134887,-105.64190836,22
959036,WHEATLAND MEMORIAL HOSPITAL,530 3RD ST NW,HARLOWTON,MT,59036,CRITICAL ACCESS,25,46.4373286,-109.84107931,25
5759501,NORTHERN MONTANA HOSPITAL,30 13TH ST,HAVRE,MT,59501,GENERAL ACUTE CARE,49,48.53807731,-109.68581776,49
106769154,REGIONAL WEST GARDEN COUNTY,1100 WEST 2ND ST,OSHKOSH,NE,69154,CRITICAL ACCESS,10,41.41268483,-102.34833478,10
8369336,MORRILL COUNTY COMMUNITY HOSPITAL,1313 S STREET,BRIDGEPORT,NE,69336,CRITICAL ACCESS,20,41.66176428,-103.09228543,20
1168822,"JENNIE M MELHAM MEMORIAL MEDICAL CENTER, INC",145 MEMORIAL DRIVE,BROKEN BOW,NE,68822,CRITICAL ACCESS,23,41.40944851,-99.63187635,23
2269153,BANNER HEALTH,2601 NORTH SPRUCE ST,OGALLALA,NE,69153,CRITICAL ACCESS,18,41.15124201,-101.71871887,18
2568862,VALLEY COUNTY HEALTH,2707 L STREET,ORD,NE,68862,CRITICAL ACCESS,16,41.60211148,-98.94280528,16
2769343,GORDON MEMORIAL HOSPITAL DISTRICT,300 EAST 8TH ST,GORDON,NE,69343,CRITICAL ACCESS,25,42.81217752,-102.19985183,25
3669145,KIMBALL COUNTY,505 SOUTH BURG ST,KIMBALL,NE,69145,CRITICAL ACCESS,15,41.23255777,-103.66684855,15
5169337,"CHADRON COMMUNITY HOSPITAL, INC",825 CENTENNIAL DRIVE,CHADRON,NE,69337,CRITICAL ACCESS,25,42.82292616,-103.01445394,25
5369140,PERKINS COUNTY HOSPITAL DISTRICT,900 LINCOLN AVE,GRANT,NE,69140,CRITICAL ACCESS,20,40.84879451,-101.7270195,20
5669210,BROWN COUNTY,945 EAST ZERO ST,AINSWORTH,NE,69210,CRITICAL ACCESS,23,42.54451346,-99.84956105,23
6468729,SACRED HEART HEALTH SERVICES,"1503 MAIN ST, PO BOX 186",CREIGHTON,NE,68729,CRITICAL ACCESS,23,42.4659882,-97.91725539,23
6968756,ANTELOPE MEMORIAL HOSPITAL,"102 WEST 9TH ST, PO BOX 229",NELIGH,NE,68756,CRITICAL ACCESS,23,42.13474596,-98.03064397,23
7769201,CHERRY COUNTY,"510 NORTH GREEN ST, PO BOX 410",VALENTINE,NE,69201,CRITICAL ACCESS,21,42.87939012,-100.53816641,21
8569301,BOX BUTTE COUNTY,"2101 BOX BUTTE AVE, PO BOX 810",ALLIANCE,NE,69301,CRITICAL ACCESS,25,42.11683654,-102.86985494,25
8669033,CHASE COUNTY,"600 W 12TH ST, PO BOX 819",IMPERIAL,NE,69033,CRITICAL ACCESS,15,40.52412928,-101.65066525,15
4889820,BATTLE MOUNTAIN GENERAL HOSPITAL,535 S HUMBOLDT ST,BATTLE MOUNTAIN,NV,89820,CRITICAL ACCESS,30,40.63955062,-116.94028622,30
4389048,DESERT VIEW HOSPITAL,360 S LOLA LANE,PAHRUMP,NV,89048,CRITICAL ACCESS,25,36.21451047,-116.02508969,25
4489008,GROVER C DILS MEDICAL CENTER,700 N SPRING ST,CALIENTE,NV,89008,CRITICAL ACCESS,20,37.62270263,-114.51394311,20
4289027,MESA VIEW REGIONAL HOSPITAL,1299 BERTHA HOWE AVE,MESQUITE,NV,89027,CRITICAL ACCESS,25,36.81003991,-114.11594792,25
4989415,MOUNT GRANT GENERAL HOSPITAL,200 SOUTH A STREET,HAWTHORNE,NV,89415,CRITICAL ACCESS,35,38.51700346,-118.62738978,35
5389419,PERSHING GENERAL HOSPITAL,855 6TH ST,LOVELOCK,NV,89419,CRITICAL ACCESS,38,40.17598617,-118.48211098,38
5089447,SOUTH LYON MEDICAL CENTER,213 WHITACRE ST,YERINGTON,NV,89447,CRITICAL ACCESS,63,38.98409652,-119.16745924,63
4589301,WILLIAM BEE RIRIE HOSPITAL,1500 AVENUE H,ELY,NV,89301,CRITICAL ACCESS,25,39.25672704,-114.85860479,25
2503576,UPPER CT VALLEY HOSPITAL,181 CORLISS LANE,COLEBROOK,NH,3576,CRITICAL ACCESS,16,44.90444711,-71.48080943,16
5587049,ACOMA CANONCITO LAGUNA INDIAN HOSPITAL,"80 VETERANS BLVD, EXIT 102 OFF I-40 1/2 MILE SOUTH",SAN FIDEL,NM,87049,CRITICAL ACCESS,-999,35.06856341,-107.57100872,-999
2688210,ARTESIA GENERAL HOSPITAL,702 N 13TH STREET,ARTESIA,NM,88210,GENERAL ACUTE CARE,49,32.84897478,-104.41086139,49
2588220,CARLSBAD MEDICAL CENTER,2430 WEST PIERCE STREET,CARLSBAD,NM,88220,GENERAL ACUTE CARE,99,32.4425387,-104.25793015,99
1187505,CHRISTUS ST VINCENT PHYSICIANS MEDICAL CENTER,2990 RODEO PARK DRIVE EAST,SANTA FE,NM,87505,GENERAL ACUTE CARE,19,35.63346536,-105.96329578,19
111287505,CHRISTUS ST VINCENT REGIONAL MEDICAL CENTER,455 ST MICHAEL'S DRIVE,SANTA FE,NM,87505,GENERAL ACUTE CARE,200,35.65944099,-105.94578049,200
787020,CIBOLA GENERAL HOSPITAL,1016 E ROOSEVELT AVENUE,GRANTS,NM,87020,GENERAL ACUTE CARE,25,35.16215297,-107.82711937,25
196784713,DHHS PHS NAIHS CROWNPOINT HOSPITAL,JUNCTION OF HWY 371,CROWNPOINT,NM,87313,GENERAL ACUTE CARE,-999,35.69871709,-108.13951833,-999
196784714,DR DAN C TRIGG MEMORIAL HOSPITAL,301 EAST MIEL DE LUNA AVENUE,TUCUMCARI,NM,88401,GENERAL ACUTE CARE,25,35.1566131,-103.7224242,25
3088201,EASTERN NEW MEXICO MEDICAL CENTER,405 W COUNTRY CLUB ROAD,ROSWELL,NM,88201,GENERAL ACUTE CARE,162,33.42430326,-104.52857645,162
3788061,GILA REGIONAL MEDICAL CENTER,1313 E 32ND ST,SILVER CITY,NM,88061,GENERAL ACUTE CARE,35,32.79712998,-108.26091772,35
4188435,GUADALUPE COUNTY HOSPITAL,"117 CAMINO DE VIDA, SUITE 100",SANTA ROSA,NM,88435,GENERAL ACUTE CARE,10,34.93021528,-104.69356474,10
1387571,HOLY CROSS HOSPITAL A DIV OF TAOS HEALTH SYSTEMS INC,1397 WEIMER ROAD,TAOS,NM,87571,GENERAL ACUTE CARE,25,36.36854366,-105.57688812,25
3488345,LINCOLN COUNTY MEDICAL CENTER,211 SUDDERTH DRIVE,RUIDOSO,NM,88345,GENERAL ACUTE CARE,25,33.32223999,-105.63130031,25
196784715,LINCOLN COUNTY MEDICAL COMPLEX,121 EL PASO ROAD,RUIDOSO,NM,88345,GENERAL ACUTE CARE,-999,33.3216323,-105.631791,-999
387544,LOS ALAMOS MEDICAL CENTER,3917 WEST ROAD,LOS ALAMOS,NM,87544,GENERAL ACUTE CARE,47,35.88169964,-106.31930016,47
4688201,LOVELACE REGIONAL HOSPITAL - ROSWELL,117 EAST 19TH STREET,ROSWELL,NM,88201,GENERAL ACUTE CARE,27,33.41710117,-104.52117266,27
3588030,MIMBRES MEMORIAL HOSPITAL,900 W ASH,DEMING,NM,88030,GENERAL ACUTE CARE,25,32.26033611,-107.76772771,25
4487740,MINERS' COLFAX MEDICAL CENTER,203 HOSPITAL DRIVE,RATON,NM,87740,CRITICAL ACCESS,25,36.86265899,-104.44211025,25
196784717,PHS INDIAN HOSPITAL,US HWY 491 NORTH,SHIPROCK,NM,87420,CRITICAL ACCESS,-999,36.80522273,-108.69150101,-999
2488101,PLAINS REGIONAL MEDICAL CENTER,2100 N MARTIN LUTHER KING JR BLVD,CLOVIS,NM,88101,GENERAL ACUTE CARE,100,34.42062096,-103.23378959,100
4787532,PRESBYTERIAN ESPANOLA HOSPITAL,1010 SPRUCE STREET,ESPANOLA,NM,87532,GENERAL ACUTE CARE,70,35.99725109,-106.08882784,70
5188401,PRESBYTERIAN MEDICAL GROUP AT DR DAN C TRIGG MEMORIAL HOSPITAL,402 EAST MIEL DE LUNA AVE,TUCUMCARI,NM,88401,GENERAL ACUTE CARE,25,35.15663244,-103.72257451,25
1687301,REHOBOTH MCKINLEY CHRISTIAN HEALTH CARE SERVICES,1901 RED ROCK DRIVE,GALLUP,NM,87301,GENERAL ACUTE CARE,70,35.50651464,-108.72650484,70
2288130,ROOSEVELT GENERAL HOSPITAL,42121 US HIGHWAY 70,PORTALES,NM,88130,GENERAL ACUTE CARE,24,34.16890339,-103.36226389,24
5087401,SAN JUAN REGIONAL MEDICAL CENTER INC,801 WEST MAPLE STREET,FARMINGTON,NM,87401,GENERAL ACUTE CARE,198,36.72383519,-108.21681785,198
4987701,SAN MIGUEL CORP. - ALTA VISTA REGIONAL HOSPITAL,104 LEGION DRIVE,LAS VEGAS,NM,87701,GENERAL ACUTE CARE,54,35.62344426,-105.21087259,54
2887901,SIERRA VISTA HOSPITAL,800 EAST 9TH AVENUE,TRUTH OR CONSEQUENCES,NM,87901,CRITICAL ACCESS,25,33.14018908,-107.24193699,25
2087801,SOCORRO GENERAL HOSPITAL,1202 HIGHWAY 60 WEST,SOCORRO,NM,87801,GENERAL ACUTE CARE,24,34.03744955,-106.91147317,24
3388415,UNION COUNTY GENERAL HOSPITAL,300 WILSON STREET,CLAYTON,NM,88415,GENERAL ACUTE CARE,25,36.45422867,-103.19329722,25
4012953,THE UNIVERSITY OF VERMONT HEALTH NETWORK - ALICE HYDE MEDICAL CENTER,133 PARK STREET,MALONE,NY,12953,GENERAL ACUTE CARE,76,44.85673515,-74.29129248,76
10413669,CLAXTON - HEPBURN MEDICAL CENTER,214 KING STREET,OGDENSBURG,NY,13669,GENERAL ACUTE CARE,115,44.69159065,-75.49988778,115
10513642,GOUVERNEUR HOSPITAL,77 WEST BARNEY STREET,GOUVERNEUR,NY,13642,CRITICAL ACCESS,25,44.33752535,-75.47484873,25
10813690,CLIFTON - FINE HOSPITAL,"1014 OSWEGATCHIE TRAIL, PO BOX 10",STAR LAKE,NY,13690,CRITICAL ACCESS,20,44.16240704,-75.05630402,20
11212043,COBLESKILL REGIONAL HOSPITAL,178 GRANDVIEW DRIVE,COBLESKILL,NY,12043,CRITICAL ACCESS,25,42.6869295,-74.48179866,25
3628777,BLUE RIDGE REGIONAL HOSPITAL,"125 HOSPITAL DR, PO DRAWER 9",SPRUCE PINE,NC,28777,GENERAL ACUTE CARE,46,35.91099,-82.06277435,46
5228646,"CHARLES A. CANNON JR. MEMORIAL HOSPITAL, INCORPORATED","434 HOSPITAL DR, PO BOX 767",LINVILLE,NC,28657,CRITICAL ACCESS,40,36.06031792,-81.88935711,40
3428337,CAPE FEAR VALLEY - BLADEN COUNTY HOSPITAL,"501 S POPLAR ST, PO BOX 398",ELIZABETHTOWN,NC,28337,CRITICAL ACCESS,48,34.62243393,-78.60800449,48
3158413,ASHLEY MEDICAL CENTER,612 CENTER AVENUE N,ASHLEY,ND,58413,CRITICAL ACCESS,20,46.04007587,-99.37244121,20
758316,P H S INDIAN HOSP AT BELCOURT - QUENTIN N BURDICK,1300 HOSPITAL LOOP,BELCOURT,ND,58316,GENERAL ACUTE CARE,-999,48.84335987,-99.74873024,-999
1758318,ST ANDREWS HEALTH CENTER - CAH,316 OHMER STREET,BOTTINEAU,ND,58318,CRITICAL ACCESS,25,48.82912481,-100.44998126,25
2358623,SOUTHWEST HEALTHCARE SERVICES,802 2ND ST NW,BOWMAN,ND,58623,CRITICAL ACCESS,23,46.18187141,-103.40466044,23
4058324,TOWNER COUNTY MEDICAL CENTER,HWY 281 N,CANDO,ND,58324,CRITICAL ACCESS,20,48.493022,-99.21113613,20
2758421,CARRINGTON HEALTH CENTER,800 4TH ST S,CARRINGTON,ND,58421,CRITICAL ACCESS,25,47.45422959,-99.12382002,25
2858220,PEMBINA COUNTY MEMORIAL HOSPITAL,301 MOUNTAIN ST E,CAVALIER,ND,58220,CRITICAL ACCESS,20,48.7925461,-97.61871696,20
1658425,COOPERSTOWN MEDICAL CENTER,1200 ROBERTS AVE NE,COOPERSTOWN,ND,58425,CRITICAL ACCESS,18,47.44595605,-98.11855687,18
3458730,ST LUKE'S HOSPITAL,702 1ST ST SW,CROSBY,ND,58730,CRITICAL ACCESS,15,48.90669296,-103.29903469,15
4558301,CHI ST ALEXIUS HEALTH DEVILS LAKE,1031 7TH ST NE,DEVILS LAKE,ND,58301,CRITICAL ACCESS,25,48.11570443,-98.84929745,25
2458533,JACOBSON MEMORIAL HOSPITAL CARE CENTER,601 EAST ST N,ELGIN,ND,58533,CRITICAL ACCESS,25,46.40732581,-101.84146346,25
2758538,STANDING ROCK INDIAN HEALTH SERVICE HOSPITAL,10 NORTH RIVER ROAD,FORT YATES,ND,58538,GENERAL ACUTE CARE,-999,46.09516158,-100.62812579,-999
1358540,GARRISON MEMORIAL HOSPITAL,407 3RD AVE SE,GARRISON,ND,58540,CRITICAL ACCESS,22,47.64840348,-101.41103957,22
2958237,UNITY MEDICAL CENTER,164 W 13TH STREET,GRAFTON,ND,58237,CRITICAL ACCESS,14,48.41100274,-97.41433135,14
3658341,ST ALOISIUS MEDICAL CENTER,325 E BREWSTER ST,HARVEY,ND,58341,CRITICAL ACCESS,25,47.76709689,-99.93205126,25
2058545,SAKAKAWEA MEDICAL CENTER - CAH,510 8TH AVENUE NE,HAZEN,ND,58545,CRITICAL ACCESS,13,47.29863667,-101.61060003,13
3958639,WEST RIVER REGIONAL MEDICAL CENTER - CAH,1000 HIGHWAY 12,HETTINGER,ND,58639,CRITICAL ACCESS,25,46.00180059,-102.62857445,25
3858045,SANFORD MEDICAL CENTER HILLSBORO,12 THIRD STREET SE,HILLSBORO,ND,58045,CRITICAL ACCESS,16,47.40325086,-97.05583793,16
1558746,KENMARE COMMUNITY HOSPITAL,317 1ST AVE NW,KENMARE,ND,58746,CRITICAL ACCESS,25,48.67423835,-102.0844882,25
3258249,CAVALIER COUNTY MEMORIAL HOSPITAL ASSOCIATION,909 2ND ST,LANGDON,ND,58249,CRITICAL ACCESS,20,48.76195731,-98.36602008,20
3758552,LINTON HOSPITAL - CAH,518 NORTH BROADWAY,LINTON,ND,58552,CRITICAL ACCESS,14,46.27155757,-100.23339039,14
2158054,CHI LISBON HEALTH,905 MAIN ST,LISBON,ND,58054,CRITICAL ACCESS,25,46.43732599,-97.68031642,25
1958257,SANFORD MEDICAL CENTER MAYVILLE,42 6TH AVENUE SE,MAYVILLE,ND,58257,CRITICAL ACCESS,25,47.50074328,-97.31690787,25
1858254,NELSON COUNTY HEALTH SYSTEM,200 N MAIN ST,MCVILLE,ND,58254,CRITICAL ACCESS,19,47.76564266,-98.17774957,19
3558270,FIRST CARE HEALTH CENTER,115 VIVIAN ST,PARK RIVER,ND,58270,CRITICAL ACCESS,14,48.39957758,-97.7441438,14
2658367,PRESENTATION MEDICAL CENTER,213 SECOND AVE NE,ROLLA,ND,58367,CRITICAL ACCESS,25,48.86264241,-99.61555784,25
1158784,MOUNTRAIL COUNTY MEDICAL CENTER INC,615 6TH ST SE,STANLEY,ND,58784,CRITICAL ACCESS,11,48.31129385,-102.38042189,11
1058852,TIOGA MEDICAL CENTER,810 N WELO ST,TIOGA,ND,58852,CRITICAL ACCESS,25,48.40300193,-102.93450709,25
1458575,CHI ST ALEXIUS HEALTH TURTLE LAKE,220 5TH AVE W,TURTLE LAKE,ND,58575,CRITICAL ACCESS,25,47.51821552,-100.89444809,25
3358072,CHI MERCY HEALTH,570 CHAUTAUQUA BLVD,VALLEY CITY,ND,58072,CRITICAL ACCESS,25,46.92838832,-97.99403843,25
1258854,MCKENZIE COUNTY HEALTHCARE SYSTEMS INC,709 4TH AVE NE,WATFORD CITY,ND,58854,CRITICAL ACCESS,24,47.80698314,-103.28251619,24
4258801,CHI ST ALEXIUS HEALTH WILLISTON,1301 15TH AVE W,WILLISTON,ND,58801,CRITICAL ACCESS,25,48.15595076,-103.6460137,25
3058495,SOUTH CENTRAL HEALTH,1007 4TH AVE S,WISHEK,ND,58495,CRITICAL ACCESS,24,46.2554155,-99.55168128,24
2345133,HIGHLAND DISTRICT HOSPITAL,1275 NORTH HIGH STREET,HILLSBORO,OH,45133,CRITICAL ACCESS,35,39.22175301,-83.61076523,35
3773601,ALLIANCEHEALTH CLINTON,100 NORTH 30TH STREET,CLINTON,OK,73601,GENERAL ACUTE CARE,56,35.51490829,-98.99796693,56
5574601,ALLIANCEHEALTH PONCA CITY,1900 NORTH 14TH STREET,PONCA CITY,OK,74601,GENERAL ACUTE CARE,140,36.72465909,-97.06835684,140
1174868,ALLIANCEHEALTH SEMINOLE,2401 WRANGLER BOULEVARD,SEMINOLE,OK,74868,GENERAL ACUTE CARE,32,35.24497499,-96.69840924,32
9773801,ALLIANCEHEALTH WOODWARD,900 17TH STREET,WOODWARD,OK,73801,GENERAL ACUTE CARE,87,36.43739791,-99.40033722,87
1773505,COMANCHE COUNTY MEMORIAL HOSPITAL,3401 WEST GORE BOULEVARD,LAWTON,OK,73505,GENERAL ACUTE CARE,265,34.60978544,-98.43426071,265
5973534,"DUNCAN REGIONAL HOSPITAL, INC",1407 NORTH WHISENANT DRIVE,DUNCAN,OK,73534,GENERAL ACUTE CARE,110,34.52031753,-97.975948,110
473651,ELKVIEW GENERAL HOSPITAL,429 WEST ELM STREET,HOBART,OK,73651,GENERAL ACUTE CARE,38,35.03777613,-99.09860687,38
2773018,GRADY MEMORIAL HOSPITAL AUTHORITY,2220 IOWA AVENUE,CHICKASHA,OK,73018,GENERAL ACUTE CARE,57,35.04803417,-97.96173288,57
3073644,GREAT PLAINS REGIONAL MEDICAL CENTER,1801 WEST THIRD STREET,ELK CITY,OK,73644,GENERAL ACUTE CARE,62,35.41398306,-99.42625102,62
4174361,HILLCREST HOSPITAL PRYOR,111 NORTH BAILEY STREET,PRYOR,OK,74361,GENERAL ACUTE CARE,48,36.30828875,-95.30479667,48
3874344,INTEGRIS GROVE HOSPITAL,1001 EAST 18TH STREET,GROVE,OK,74344,GENERAL ACUTE CARE,58,36.58128735,-94.75857669,58
4373521,JACKSON COUNTY MEMORIAL HOSPITAL AUTHORITY,1200 EAST PECAN,ALTUS,OK,73521,GENERAL ACUTE CARE,49,34.63523975,-99.31803877,49
6474501,MCALESTER REGIONAL HEALTH CENTER,1 CLARK BASS BOULEVARD,MCALESTER,OK,74501,GENERAL ACUTE CARE,149,34.9368736,-95.75080607,149
131174820,MERCY HOSPITAL ADA,430 NORTH MONTA VISTA,ADA,OK,74820,GENERAL ACUTE CARE,144,34.7785807,-96.6334533,144
2873401,"MERCY HOSPITAL ARDMORE, INC",1011 14TH AVENUE NW,ARDMORE,OK,73401,GENERAL ACUTE CARE,190,34.18895578,-97.14039455,190
7173075,PAULS VALLEY HOSPITAL,100 VALLEY DRIVE,PAULS VALLEY,OK,73075,GENERAL ACUTE CARE,43,34.71940441,-97.21478864,43
7574523,PUSHMATAHA COUNTY TOWN OF ANTLERS HOSPITAL AUTHORITY,510 EAST MAIN STREET,ANTLERS,OK,74523,GENERAL ACUTE CARE,23,34.23123227,-95.61473884,23
1974301,SAINT FRANCIS HOSPITAL VINITA,735 NORTH FOREMAN,VINITA,OK,74301,GENERAL ACUTE CARE,50,36.6534086,-95.15629396,50
7973505,SOUTHWESTERN MEDICAL CENTER,5602 SOUTHWEST LEE BOULEVARD,LAWTON,OK,73505,GENERAL ACUTE CARE,199,34.59263525,-98.46274019,199
1074631,STILLWATER MEDICAL - BLACKWELL,710 SOUTH 13TH STREET,BLACKWELL,OK,74631,GENERAL ACUTE CARE,25,36.79803793,-97.29998674,25
10073086,ARBUCKLE MEMORIAL HOSPITAL AUTHORITY,2011 WEST BROADWAY,SULPHUR,OK,73086,CRITICAL ACCESS,25,34.5049883,-96.99613712,25
10174525,ATOKA COUNTY MEDICAL CENTER,1590 WEST LIBERTY ROAD,ATOKA,OK,74525,CRITICAL ACCESS,25,34.3925323,-96.15144054,25
10273932,BEAVER COUNTY MEMORIAL HOSPITAL,212 EAST 8TH STREET,BEAVER,OK,73932,CRITICAL ACCESS,24,36.81078453,-100.51627637,24
10373015,CARNEGIE TRI - COUNTY MUNICIPAL HOSPITAL,102 NORTH BROADWAY,CARNEGIE,OK,73015,CRITICAL ACCESS,17,35.10741577,-98.60519325,17
10773933,CIMARRON MEMORIAL HOSPITAL,100 SOUTH ELLIS,BOISE CITY,OK,73933,CRITICAL ACCESS,25,36.72867274,-102.51806477,25
10473632,CORDELL MEMORIAL HOSPITAL,1220 N GLENN ENGLISH STREET,CORDELL,OK,73632,CRITICAL ACCESS,14,35.30304934,-98.98855104,14
10874637,FAIRFAX COMMUNITY HOSPITAL,40 HOSPITAL ROAD,FAIRFAX,OK,74637,CRITICAL ACCESS,15,36.56332062,-96.70703409,15
3173550,HARMON MEMORIAL HOSPITAL,400 EAST CHESTNUT,HOLLIS,OK,73550,CRITICAL ACCESS,22,34.69220952,-99.91428905,22
11373834,HARPER COUNTY COMMUNITY HOSPITAL,1003 US HIGHWAY 64 NORTH,BUFFALO,OK,73834,CRITICAL ACCESS,25,36.84472689,-99.62844827,25
11774462,HASKELL REGIONAL HOSPITAL,"401 NORTHWEST ""H"" STREET",STIGLER,OK,74462,CRITICAL ACCESS,25,35.26116507,-95.12875158,25
11174848,HOLDENVILLE GENERAL HOSPITAL,100 MCDOUGAL DRIVE,HOLDENVILLE,OK,74848,CRITICAL ACCESS,25,35.08905917,-96.37859604,25
11973573,JEFFERSON COUNTY HOSPITAL,INTERSECTION US HIGHWAYS 81 AND 70,WAURIKA,OK,73573,CRITICAL ACCESS,18,34.15731246,-97.97951529,18
12673554,MANGUM REGIONAL MEDICAL CENTER,1 WICKERSHAM DRIVE,MANGUM,OK,73554,CRITICAL ACCESS,18,34.89236096,-99.50111111,18
131074538,MARY HURLEY HOSPITAL,6 NORTH COVINGTON AVENUE,COALGATE,OK,74538,CRITICAL ACCESS,20,34.53934684,-96.2237315,20
2374745,MCCURTAIN MEMORIAL HOSPITAL,1301 LINCOLN ROAD,IDABEL,OK,74745,CRITICAL ACCESS,25,33.88282828,-94.81116176,25
4973942,MEMORIAL HOSPITAL OF TEXAS COUNTY AUTHORITY,520 MEDICAL DRIVE,GUYMON,OK,73942,CRITICAL ACCESS,33,36.69097241,-101.47599463,33
12373438,"MERCY HOSPITAL HEALDTON, INC",3462 HOSPITAL ROAD,HEALDTON,OK,73438,CRITICAL ACCESS,22,34.22286842,-97.49146648,22
5373858,"NEWMAN MEMORIAL HOSPITAL, INC",905 SOUTH MAIN STREET,SHATTUCK,OK,73858,CRITICAL ACCESS,25,36.2680035,-99.88202277,25
12574864,PRAGUE REGIONAL MEMORIAL HOSPITAL,1322 KLABZUBA AVENUE,PRAGUE,OK,74864,CRITICAL ACCESS,25,35.49014466,-96.68431257,25
131873628,ROGER MILLS MEMORIAL HOSPITAL,501 SOUTH LL MALES AVENUE,CHEYENNE,OK,73628,CRITICAL ACCESS,15,35.60943113,-99.67153117,15
6573717,SHARE MEDICAL CENTER,800 SHARE DRIVE,ALVA,OK,73717,CRITICAL ACCESS,25,36.7872206,-98.67122175,25
13474079,STROUD REGIONAL MEDICAL CENTER,2308 HIGHWAY 66 WEST,STROUD,OK,74079,CRITICAL ACCESS,25,35.74848483,-96.68334576,25
13173005,THE PHYSICIANS' HOSPITAL IN ANADARKO,1002 E CENTRAL BLVD,ANADARKO,OK,73005,CRITICAL ACCESS,25,35.07050231,-98.2283253,25
13273096,"WEATHERFORD REGIONAL HOSPITAL, INC OF WEATHERFORD, OKLAHOMA",3701 EAST MAIN,WEATHERFORD,OK,73096,CRITICAL ACCESS,25,35.53927687,-98.66230163,25
6197141,ADVENTIST HEALTH TILLAMOOK,1000 THIRD STREET,TILLAMOOK,OR,97141,CRITICAL ACCESS,49,45.4566109,-123.85433146,49
397420,BAY AREA HOSPITAL,1775 THOMPSON ROAD,COOS BAY,OR,97420,GENERAL ACUTE CARE,174,43.38340651,-124.2329953,174
497845,BLUE MOUNTAIN HOSPITAL,170 FORD ROAD,JOHN DAY,OR,97845,CRITICAL ACCESS,25,44.41711272,-118.95969148,25
897423,COQUILLE VALLEY HOSPITAL DISTRICT,940 EAST 5TH STREET,COQUILLE,OR,97423,CRITICAL ACCESS,25,43.17944271,-124.17938601,25
196784781,CURRY GENERAL HOSPITAL,94220 FOURTH STREET,GOLD BEACH,OR,97444,CRITICAL ACCESS,18,42.4112513,-124.4190775,18
1397850,GRANDE RONDE HOSPITAL,900 SUNSET DRIVE,LA GRANDE,OR,97850,CRITICAL ACCESS,25,45.31942719,-118.10607039,25
1497720,HARNEY DISTRICT HOSPITAL,557 W WASHINGTON STREET,BURNS,OR,97720,CRITICAL ACCESS,25,43.5882075,-119.06072359,25
1697630,LAKE DISTRICT HOSPITAL,700 SOUTH J STREET,LAKEVIEW,OR,97630,CRITICAL ACCESS,24,42.18129466,-120.35211122,24
2297467,LOWER UMPQUA HOSPITAL DISTRICT,600 RANCH ROAD,REEDSPORT,OR,97467,CRITICAL ACCESS,16,43.69458957,-124.13630185,16
3097439,PEACE HARBOR MEDICAL CENTER,400 9TH STREET,FLORENCE,OR,97439,CRITICAL ACCESS,21,43.97314193,-124.11747756,21
3197836,PIONEER MEMORIAL HOSPITAL,564 E PIONEER DRIVE,HEPPNER,OR,97836,CRITICAL ACCESS,21,45.35589942,-119.54865944,21
5497814,"SAINT ALPHONSUS MEDICAL CENTER - BAKER CITY, INC",3325 POCAHONTAS ROAD,BAKER CITY,OR,97814,CRITICAL ACCESS,25,44.79515145,-117.84712329,25
5297601,SKY LAKES MEDICAL CENTER,2865 DAGGETT AVENUE,KLAMATH FALLS,OR,97601,GENERAL ACUTE CARE,176,42.25316066,-121.78519077,176
5397411,SOUTHERN COOS HOSPITAL AND HEALTH CENTER,900 11TH STREET SE,BANDON,OR,97411,CRITICAL ACCESS,21,43.11242506,-124.40205838,21
132897741,ST CHARLES MADRAS,470 NE A STREET,MADRAS,OR,97741,CRITICAL ACCESS,25,44.63787373,-121.12072542,25
5997415,SUTTER COAST HOSPITAL,555 5TH STREET,BROOKINGS,OR,97415,GENERAL ACUTE CARE,49,42.05787322,-124.28850033,49
6697828,WALLOWA MEMORIAL HOSPITAL,601 MEDICAL PARKWAY,ENTERPRISE,OR,97828,CRITICAL ACCESS,25,45.43236526,-117.28446132,25
23416346,UPMC NORTHWEST,100 FAIRFIELD DRIVE,SENECA,PA,16346,GENERAL ACUTE CARE,151,41.36138341,-79.70062774,151
11917764,THE BUCKTAIL MEDICAL CENTER,1001 PINE STREET,RENOVO,PA,17764,GENERAL ACUTE CARE,16,41.327863,-77.736493,16
13716354,THE TITUSVILLE AREA HOSPITAL,406 WEST OAK STREET,TITUSVILLE,PA,16354,GENERAL ACUTE CARE,25,41.63362,-79.67973,25
19616335,MEADVILLE MEDICAL CENTER,751 LIBERTY STREET,MEADVILLE,PA,16335,GENERAL ACUTE CARE,200,41.641648,-80.145882,200
4116214,CLARION HOSPITAL,1 HOSPITAL DRIVE,CLARION,PA,16214,GENERAL ACUTE CARE,68,41.191989,-79.397664,68
700641,HOSPITAL METROPOLITANO DE LA MONTANA,CALLE ISAAC GONZALEZ ESQUINA LEDESMA,BDA NUEVA,PR,641,GENERAL ACUTE CARE,-999,18.26776881,-66.70133505,-999
429944,HAMPTON REGIONAL MEDICAL CENTER,595 W CAROLINA AVE,VARNVILLE,SC,29944,GENERAL ACUTE CARE,32,32.85284808,-81.09003051,32
4329827,ALLENDALE COUNTY HOSPITAL,1787 ALLENDALE FAIRFAX HWY,FAIRFAX,SC,29827,CRITICAL ACCESS,25,32.96554312,-81.24795633,25
1257301,AVERA QUEEN OF PEACE,525 N FOSTER,MITCHELL,SD,57301,GENERAL ACUTE CARE,50,43.71434228,-98.0080208,50
5857078,AVERA SACRED HEART HOSPITAL,501 SUMMIT,YANKTON,SD,57078,GENERAL ACUTE CARE,99,42.87325455,-97.40819102,99
1757428,BOWDLE HOSPITAL,8001 W 5TH,BOWDLE,SD,57428,CRITICAL ACCESS,12,45.44797849,-99.66162744,12
6457523,COMMUNITY MEMORIAL HOSPITAL,809 JACKSON,BURKE,SD,57523,CRITICAL ACCESS,16,43.18209316,-99.29400979,16
3457437,EUREKA COMMUNITY HEALTH SERVICES,200 J AVE,EUREKA,SD,57437,CRITICAL ACCESS,4,45.77217227,-99.62301925,4
3557438,FAULKTON AREA MEDICAL CENTER,1300 OAK STREET,FAULKTON,SD,57438,CRITICAL ACCESS,12,45.03065572,-99.13263837,12
257029,FREEMAN MEDICAL CENTER,510 E 8TH ST,FREEMAN,SD,57029,CRITICAL ACCESS,25,43.34796637,-97.4310807,25
5157442,AVERA MISSOURI RIVER HEALTH CENTER,606 E GARFIELD AVE,GETTYSBURG,SD,57442,CRITICAL ACCESS,7,45.01308489,-99.94779146,7
557551,BENNETT COUNTY HOSPITAL AND NURSING HOME,102 MAJOR ALLEN,MARTIN,SD,57551,CRITICAL ACCESS,14,43.16975367,-101.73072543,14
2057567,HANS P. PETERSON MEMORIAL HOSPITAL,503 W PINE STREET,PHILIP,SD,57567,CRITICAL ACCESS,18,44.03980876,-101.67147678,18
6657369,PLATTE HEALTH CENTER,601 EAST 7TH ST,PLATTE,SD,57369,CRITICAL ACCESS,17,43.38464768,-98.83615644,17
5357469,COMMUNITY MEMORIAL HOSPITAL,111 W 10TH AVE,REDFIELD,SD,57469,CRITICAL ACCESS,25,44.87156665,-98.52092234,25
1357274,SANFORD HOSPITAL WEBSTER,1401 W FIRST ST,WEBSTER,SD,57274,CRITICAL ACCESS,25,45.33977277,-97.52195455,25
5757601,MOBRIDGE REGIONAL HOSPITAL,1401 10TH AVE W,MOBRIDGE,SD,57601,CRITICAL ACCESS,25,45.54621696,-100.44896047,25
357252,MILBANK AREA HOSPITAL - AVERA HEALTH,301 FLYNN DRIVE,MILBANK,SD,57252,CRITICAL ACCESS,25,45.22245806,-96.62717351,25
2557231,AVERA DESMET MEMORIAL HOSPITAL,306 PRAIRIE AVE SW,DE SMET,SD,57231,CRITICAL ACCESS,6,44.3859458,-97.56129715,6
5457580,WINNER REGIONAL HEALTHCARE CENTER,745 E 8TH ST,WINNER,SD,57580,CRITICAL ACCESS,25,43.36992976,-99.84729509,25
6757069,SANFORD VERMILLION HOSPITAL,20 S PLUM STREET,VERMILLION,SD,57069,CRITICAL ACCESS,25,42.77865825,-96.91929851,25
2157362,AVERA HAND COUNTY MEMORIAL HOSPITAL AND CLINIC,300 W 5TH ST,MILLER,SD,57362,CRITICAL ACCESS,11,44.52005412,-98.99228219,11
1957533,AVERA GREGORY HOSPITAL,400 PARK AVENUE,GREGORY,SD,57533,CRITICAL ACCESS,25,43.22955463,-99.43584864,25
938344,BAPTIST MEMORIAL HOSPITAL - CARROLL COUNTY,631 RB WILSON DRIVE,HUNTINGDON,TN,38344,GENERAL ACUTE CARE,70,36.02316734,-88.41240859,70
6237841,BIG SOUTH FORK MEDICAL CENTER,18797 ALBERTA STREET,ONEIDA,TN,37841,GENERAL ACUTE CARE,25,36.50442489,-84.51586367,25
6738012,HAYWOOD COUNTY COMMUNITY HOSPITAL,2545 NORTH WASHINGTON AVENUE,BROWNSVILLE,TN,38012,GENERAL ACUTE CARE,49,35.61057224,-89.24297656,49
6638351,HENDERSON COUNTY COMMUNITY HOSPITAL,200 WEST CHURCH STREET,LEXINGTON,TN,38351,GENERAL ACUTE CARE,45,35.65530193,-88.39866414,45
6538242,HENRY COUNTY MEDICAL CENTER,301 TYSON AVENUE,PARIS,TN,38242,GENERAL ACUTE CARE,142,36.29654269,-88.31030459,142
8238301,JACKSON - MADISON COUNTY GENERAL HOSPITAL DISTRICT,620 SKYLINE DRIVE,JACKSON,TN,38301,GENERAL ACUTE CARE,792,35.63673266,-88.83178969,792
8338305,WEST TENNESSEE HEALTHCARE NORTH HOSPITAL,367 HOSPITAL BLVD,JACKSON,TN,38305,GENERAL ACUTE CARE,792,35.68444711,-88.85404848,792
4338556,"JAMESTOWN TN MEDICAL CENTER, INC",436 CENTRAL AVENUE WEST,JAMESTOWN,TN,38556,GENERAL ACUTE CARE,85,36.43236193,-84.94317595,85
5038063,LAUDERDALE COMMUNITY HOSPITAL,326 ASBURY AVENUE,RIPLEY,TN,38063,CRITICAL ACCESS,25,35.74435252,-89.54963519,25
5537096,PERRY COMMUNITY HOSPITAL,2718 SQUIRRELL HOLLOW DRIVE,LINDEN,TN,37096,GENERAL ACUTE CARE,50,35.59232333,-87.86375527,50
15337110,"SAINT THOMAS RIVER PARK HOSPITAL, LLC",1559 SPARTA STREET,MC MINNVILLE,TN,37110,GENERAL ACUTE CARE,125,35.69984449,-85.74297892,125
7038008,WEST TENNESSEE HEALTHCARE BOLIVAR HOSPITAL,650 NUCKOLLS ROAD,BOLIVAR,TN,38008,GENERAL ACUTE CARE,25,35.26757249,-88.99929239,25
338320,WEST TENNESSEE HEALTHCARE CAMDEN HOSPITAL,175 HOSPITAL STREET,CAMDEN,TN,38320,GENERAL ACUTE CARE,25,36.05521682,-88.10794649,25
16438024,WEST TENNESSEE HEALTHCARE DYERSBURG HOSPITAL,400 EAST TICKLE STREET,DYERSBURG,TN,38024,GENERAL ACUTE CARE,225,36.04818558,-89.37991442,225
16338358,WEST TENNESSEE HEALTHCARE MILAN HOSPITAL,4039 SOUTH HIGHLAND,MILAN,TN,38358,GENERAL ACUTE CARE,70,35.91228641,-88.75414132,70
7076821,BALLINGER MEMORIAL HOSPITAL DISTRICT,608 AVENUE B,BALLINGER,TX,76821,CRITICAL ACCESS,25,31.74997292,-99.96290978,25
7477418,BELLVILLE MEDICAL CENTER,44 NORTH CUMMINGS STREET,BELLVILLE,TX,77418,GENERAL ACUTE CARE,30,29.95315813,-96.26009777,30
5479830,BIG BEND REGIONAL MEDICAL CENTER,2600 HIGHWAY 118 NORTH,ALPINE,TX,79830,CRITICAL ACCESS,25,30.38394439,-103.67048068,25
8979316,BROWNFIELD REGIONAL MEDICAL CENTER,705 EAST FELT STREET,BROWNFIELD,TX,79316,GENERAL ACUTE CARE,48,33.18772983,-102.26741429,48
33077566,CHI ST LUKES HEALTH - BRAZOSPORT,100 MEDICAL DRIVE,LAKE JACKSON,TX,77566,GENERAL ACUTE CARE,154,29.02950068,-95.45274482,154
34677351,CHI ST LUKES HEALTH - MEMORIAL LIVINGSTON,1717 HIGHWAY 59 BYPASS,LIVINGSTON,TX,77351,GENERAL ACUTE CARE,66,30.73087171,-94.93939248,66
48175972,CHI ST LUKES HEALTH MEMORIAL SAN AUGUSTINE,511 HOSPITAL STREET,SAN AUGUSTINE,TX,75972,CRITICAL ACCESS,18,31.53261587,-94.10300693,18
52575483,CHRISTUS MOTHER FRANCES HOSPITAL - SULPHUR SPRINGS,115 AIRPORT ROAD,SULPHUR SPRINGS,TX,75482,GENERAL ACUTE CARE,96,33.15762802,-95.60014471,96
57375494,CHRISTUS MOTHER FRANCES HOSPITAL - WINNSBORO,719 WEST COKE ROAD,WINNSBORO,TX,75494,CRITICAL ACCESS,25,32.94453832,-95.30727963,25
31375951,CHRISTUS SOUTHEAST TEXAS - JASPER MEMORIAL,1275 MARVIN HANCOCK DRIVE,JASPER,TX,75951,GENERAL ACUTE CARE,59,30.90789453,-94.00955331,59
5878102,CHRISTUS SPOHN HOSPITAL BEEVILLE,1500 EAST HOUSTON HIGHWAY,BEEVILLE,TX,78102,GENERAL ACUTE CARE,69,28.40742754,-97.73154412,69
39179346,COCHRAN MEMORIAL HOSPITAL,114 W WILSON,MORTON,TX,79346,CRITICAL ACCESS,18,33.71973751,-102.75752227,18
49779549,COGDELL MEMORIAL HOSPITAL,1700 COGDELL BLVD,SNYDER,TX,79549,CRITICAL ACCESS,25,32.68793228,-100.91709254,25
11276834,COLEMAN COUNTY MEDICAL CENTER COMPANY,310 SOUTH PECOS STREET,COLEMAN,TX,76834,CRITICAL ACCESS,25,31.82854343,-99.42562308,25
56179095,COLLINGSWORTH GENERAL HOSPITAL,1013 15TH STREET,WELLINGTON,TX,79095,CRITICAL ACCESS,13,34.84860058,-100.2121919,13
11578934,COLUMBUS COMMUNITY HOSPITAL,110 SHULT DR,COLUMBUS,TX,78934,GENERAL ACUTE CARE,40,29.69451784,-96.5433111,40
17276837,CONCHO COUNTY HOSPITAL,614 EAKER STREET,EDEN,TX,76837,CRITICAL ACCESS,16,31.22129266,-99.84811412,16
41979072,COVENANT HOSPITAL PLAINVIEW,2601 DIMMIT ROAD,PLAINVIEW,TX,79072,GENERAL ACUTE CARE,68,34.20675672,-101.73294565,68
13379322,CRANE MEMORIAL HOSPITAL,1310 SOUTH ALFORD STREET,CRANE,TX,79731,CRITICAL ACCESS,25,31.38955285,-102.3499056,25
13177954,CROCKETT MEDICAL CENTER,1100 E LOOP 304,CROCKETT,TX,75835,CRITICAL ACCESS,25,31.32360364,-95.43889931,25
13677429,CROSBYTON CLINIC HOSPITAL,710 WEST MAIN STREET,CROSBYTON,TX,79322,CRITICAL ACCESS,2,33.66061882,-101.24610241,2
54479855,CULBERSON HOSPITAL,EISENHOWER-FM 2185,VAN HORN,TX,79855,CRITICAL ACCESS,14,31.04917326,-104.82750864,14
10178834,DIMMIT REGIONAL HOSPITAL,704 HOSPITAL DRIVE,CARRIZO SPRINGS,TX,78834,CRITICAL ACCESS,25,28.51923471,-99.86339756,25
33378045,DOCTORS HOSPITAL OF LAREDO,10700 MCPHERSON ROAD,LAREDO,TX,78045,GENERAL ACUTE CARE,171,27.60691448,-99.47847561,171
17176448,EASTLAND MEMORIAL HOSPITAL,304 SOUTH DAUGHERTY,EASTLAND,TX,76448,GENERAL ACUTE CARE,52,32.39982064,-98.82114248,52
17777437,EL CAMPO MEMORIAL HOSPITAL,303 SANDY CORNER ROAD,EL CAMPO,TX,77437,GENERAL ACUTE CARE,49,29.21849962,-96.29118958,49
17078852,FORT DUNCAN REGIONAL MEDICAL CENTER,3333 NORTH FOSTER MALDONADO,EAGLE PASS,TX,78852,GENERAL ACUTE CARE,101,28.71299249,-100.4557006,101
42878061,FRIO REGIONAL HOSPITAL,200 S IH-35,PEARSALL,TX,78061,CRITICAL ACCESS,22,28.89630465,-99.1172572,22
137479007,GOLDEN PLAINS COMMUNITY HOSPITAL,100 MEDICAL DRIVE,BORGER,TX,79007,CRITICAL ACCESS,25,35.65513819,-101.40918067,25
23376450,GRAHAM HOSPITAL DISTRICT,1301 MONTGOMERY ROAD,GRAHAM,TX,76450,GENERAL ACUTE CARE,25,33.08958211,-98.58396742,25
40776374,HAMILTON HOSPITAL,901 WEST HAMILTON STREET,OLNEY,TX,76374,CRITICAL ACCESS,25,33.36936482,-98.76430459,25
49879081,HANSFORD COUNTY HOSPITAL,707 SOUTH ROLAND,SPEARMAN,TX,79081,CRITICAL ACCESS,14,36.19027677,-101.19961405,14
43779252,HARDEMAN COUNTY MEMORIAL HOSPITAL,402 MERCER STREET,QUANAH,TX,79252,CRITICAL ACCESS,24,34.29619436,-99.74154846,24
24479521,HASKELL MEMORIAL HOSPITAL,1 NORTH AVENUE N,HASKELL,TX,79521,CRITICAL ACCESS,25,33.15736151,-99.74468102,25
8476825,HEART OF TEXAS HEALTHCARE SYSTEM,2008 NINE ROAD,BRADY,TX,76825,CRITICAL ACCESS,25,31.1176885,-99.34685361,25
9579014,HEMPHILL COUNTY HOSPITAL,1020 SOUTH 4TH STREET,CANADIAN,TX,79014,GENERAL ACUTE CARE,26,35.90339317,-100.38825682,26
9476804,HENDRICK MEDICAL CENTER BROWNWOOD,1501 BURNETT RD,BROWNWOOD,TX,76801,GENERAL ACUTE CARE,188,31.67734392,-98.99383384,188
137779045,HEREFORD REGIONAL MEDICAL CENTER,540 WEST 15TH STREET,HEREFORD,TX,79045,GENERAL ACUTE CARE,42,34.83951878,-102.41398747,42
24876645,HILL REGIONAL HOSPITAL,101 CIRCLE DRIVE,HILLSBORO,TX,76645,CRITICAL ACCESS,25,32.01263139,-97.09925968,25
30679744,IRAAN GENERAL HOSPITAL,600 HIGHWAY 349 NORTH,IRAAN,TX,79744,CRITICAL ACCESS,14,30.91483088,-101.9074443,14
31576849,KIMBLE HOSPITAL,349 REID ROAD,JUNCTION,TX,76849,CRITICAL ACCESS,15,30.49847308,-99.78056091,15
33279529,KNOX COUNTY HOSPITAL,701 SOUTHEAST 5TH STREET,KNOX CITY,TX,79529,CRITICAL ACCESS,25,33.41380466,-99.81155305,25
34479339,LAMB HEALTHCARE CENTER,1500 SOUTH SUNSET,LITTLEFIELD,TX,79339,GENERAL ACUTE CARE,75,33.91170687,-102.34429491,75
33878044,LAREDO MEDICAL CENTER,1700 EAST SAUNDERS STREET,LAREDO,TX,78041,GENERAL ACUTE CARE,326,27.53285976,-99.47829169,326
23777964,LAVACA MEDICAL CENTER,1400 NORTH TEXANA STREET,HALLETTSVILLE,TX,77964,CRITICAL ACCESS,25,29.45740267,-96.93821283,25
50476950,LILLIAN M HUDSPETH MEMORIAL HOSPITAL,308 HUDSPETH AVENUE,SONORA,TX,76950,CRITICAL ACCESS,12,30.56340928,-100.63443595,12
4877414,MATAGORDA REGIONAL MEDICAL CENTER,104 7TH STREET,BAY CITY,TX,77414,GENERAL ACUTE CARE,58,28.98004701,-95.9916774,58
37679752,MCCAMEY HOSPITAL,2500 HIGHWAY 305 SOUTH,MCCAMEY,TX,79752,CRITICAL ACCESS,14,31.11466218,-102.21029173,14
33579331,MEDICAL ARTS HOSPITAL,2200 NORTH BRYAN AVENUE,LAMESA,TX,79331,GENERAL ACUTE CARE,21,32.74920091,-101.96754238,21
23178629,MEMORIAL HOSPITAL,1110 N SARAH DEWITT DRIVE,GONZALES,TX,78629,GENERAL ACUTE CARE,33,29.51759211,-97.42934318,33
48479360,MEMORIAL HOSPITAL,209 NW 8TH STREET,SEMINOLE,TX,79360,CRITICAL ACCESS,33,32.72162797,-102.65487886,33
16879029,MEMORIAL HOSPITAL,224 EAST SECOND STREET,DUMAS,TX,79029,CRITICAL ACCESS,25,35.86449556,-101.97055817,25
31478026,METHODIST HOSPITAL SOUTH,1905 HIGHWAY 97 EAST,JOURDANTON,TX,78026,GENERAL ACUTE CARE,67,28.93298497,-98.5262851,67
39679347,MULESHOE AREA MEDICAL CENTER,708 SOUTH FIRST STREET,MULESHOE,TX,79347,CRITICAL ACCESS,25,34.2212693,-102.72867705,25
13575835,NAVARRO REGIONAL HOSPITAL,3201 WEST HIGHWAY 22,CORSICANA,TX,75110,GENERAL ACUTE CARE,162,32.08363128,-96.50359892,162
40176255,NOCONA GENERAL HOSPITAL,100 PARK ROAD,NOCONA,TX,76255,GENERAL ACUTE CARE,22,33.77727442,-97.73270103,22
57479567,NORTH RUNNELS HOSPITAL,7821 STATE HIGHWAY 153,WINTERS,TX,79567,CRITICAL ACCESS,25,31.94922151,-99.95913544,25
56877488,OAKBEND MEDICAL CENTER - WHARTON HOSPITAL CAMPUS,10141 HWY 59 ROAD,WHARTON,TX,77488,GENERAL ACUTE CARE,45,29.32856983,-96.11750464,45
42479070,OCHILTREE GENERAL HOSPITAL,3101 GARRETT DRIVE,PERRYTON,TX,79070,CRITICAL ACCESS,25,36.36988585,-100.798789,25
32178119,OTTO KAISER MEMORIAL HOSPITAL,3349 S HIGHWAY 181,KENEDY,TX,78119,CRITICAL ACCESS,25,28.8506567,-97.87825546,25
40977465,PALACIOS COMMUNITY MEDICAL CENTER,311 GREEN AVENUE,PALACIOS,TX,77465,CRITICAL ACCESS,17,28.71692636,-96.21422746,17
41479065,PAMPA REGIONAL MEDICAL CENTER,1 MEDICAL PLAZA,PAMPA,TX,79065,GENERAL ACUTE CARE,109,35.57247216,-100.96479647,109
56979096,PARKVIEW HOSPITAL,901 SWEETWATER STREET,WHEELER,TX,79096,CRITICAL ACCESS,16,35.43933961,-100.27035969,16
21679035,PARMER MEDICAL CENTER,1307 CLEVELAND STREET,FRIONA,TX,79035,CRITICAL ACCESS,25,34.64427416,-102.72182424,25
19879735,PECOS COUNTY MEMORIAL HOSPITAL,387 WEST I H 10,FORT STOCKTON,TX,79735,CRITICAL ACCESS,25,30.90537931,-102.88040737,25
6379714,PERMIAN REGIONAL MEDICAL CENTER,720 HOSPITAL DRIVE,ANDREWS,TX,79714,GENERAL ACUTE CARE,36,32.33804336,-102.54598999,36
16779027,PLAINS MEMORIAL HOSPITAL,310 WEST HALSELL,DIMMITT,TX,79027,CRITICAL ACCESS,17,34.55609028,-102.31595991,17
81879778,RANKIN COUNTY HOSPITAL DISTRICT,"1611 SPUR 576, BROADWAY STREET",RANKIN,TX,79778,CRITICAL ACCESS,15,31.23288787,-101.93536606,15
80076932,REAGAN MEMORIAL HOSPITAL,1300 N MAIN AVE,BIG LAKE,TX,76932,CRITICAL ACCESS,7,31.20401254,-101.46101755,7
42179772,REEVES COUNTY HOSPITAL,2323 TEXAS STREET,PECOS,TX,79772,CRITICAL ACCESS,25,31.40118876,-103.51402976,25
44078377,REFUGIO COUNTY MEMORIAL HOSPITAL DISTRICT,107 SWIFT STREET,REFUGIO,TX,78377,CRITICAL ACCESS,20,28.30679663,-97.27986117,20
16977434,RICE MEDICAL CENTER,600 SOUTH AUSTIN ROAD,EAGLE LAKE,TX,77434,CRITICAL ACCESS,25,29.58775858,-96.3452847,25
24575948,SABINE COUNTY HOSPITAL,2301 WORTH ST,HEMPHILL,TX,75948,CRITICAL ACCESS,25,31.33380873,-93.86296451,25
7879720,SCENIC MOUNTAIN MEDICAL CENTER - A STEWARD FAMILY HOSPITAL,1601 WEST ELEVENTH PLACE,BIG SPRING,TX,79720,GENERAL ACUTE CARE,146,32.23637785,-101.49167553,146
19176936,SCHLEICHER COUNTY MEDICAL CENTER,102 NORTH HIGHWAY 277,ELDORADO,TX,76936,CRITICAL ACCESS,14,30.86300194,-100.60299406,14
48679079,SHAMROCK GENERAL HOSPITAL,1000 SOUTH MAIN,SHAMROCK,TX,79079,CRITICAL ACCESS,25,35.1989674,-100.24811937,25
33478945,ST MARKS MEDICAL CENTER,1 ST MARKS PLACE,LA GRANGE,TX,78945,GENERAL ACUTE CARE,65,29.9357528,-96.87624706,65
44478582,STARR COUNTY MEMORIAL HOSPITAL,128 NORTH FM ROAD 3167,RIO GRANDE CITY,TX,78582,GENERAL ACUTE CARE,48,26.37643211,-98.85835917,48
8676424,STEPHENS MEMORIAL HOSPITAL,200 SOUTH GENEVA,BRECKENRIDGE,TX,76424,GENERAL ACUTE CARE,40,32.75395574,-98.88721085,40
6479502,STONEWALL MEMORIAL HOSPITAL,821 N BROADWAY,ASPERMONT,TX,79502,CRITICAL ACCESS,20,33.15056005,-100.2291844,20
50177480,SWEENY COMMUNITY HOSPITAL,305 NORTH MCKINNEY STREET,SWEENY,TX,77480,CRITICAL ACCESS,20,29.04783467,-95.69183141,20
53579088,SWISHER MEMORIAL HOSPITAL,539 SE 2ND ST,TULIA,TX,79088,CRITICAL ACCESS,20,34.53595958,-101.75560512,20
39275455,TITUS REGIONAL MEDICAL CENTER,2001 NORTH JEFFERSON,MOUNT PLEASANT,TX,75455,GENERAL ACUTE CARE,174,33.17559939,-94.97117494,174
42675686,UT HEALTH EAST TEXAS PITTSBURG HOSPITAL,2701 US HIGHWAY 271 NORTH,PITTSBURG,TX,75686,CRITICAL ACCESS,25,33.03304598,-94.95905399,25
34779241,W J MANGOLD MEMORIAL HOSPITAL,320 NORTH MAIN STREET,LOCKNEY,TX,79241,CRITICAL ACCESS,25,34.12707748,-101.44124526,25
39079756,WARD MEMORIAL HOSPITAL,406 SOUTH GARY STREET,MONAHANS,TX,79756,CRITICAL ACCESS,25,31.59378429,-102.88318683,25
32279745,WINKLER COUNTY MEMORIAL HOSPITAL,821 JEFFEE DRIVE,KERMIT,TX,79745,CRITICAL ACCESS,19,31.84959206,-103.09056262,19
57677995,YOAKUM COMMUNITY HOSPITAL,1200 CARL RAMERT DRIVE,YOAKUM,TX,77995,CRITICAL ACCESS,23,29.30695852,-97.12915909,23
5584713,BEAVER VALLEY HOSPITAL,1109 NORTH 100 WEST,BEAVER,UT,84713,CRITICAL ACCESS,25,38.28914945,-112.64385878,25
166784511,BLUE MOUNTAIN HOSPITAL,802 SOUTH 200 WEST,BLANDING,UT,84511,CRITICAL ACCESS,11,37.61306643,-109.48248614,11
2484648,CENTRAL VALLEY MEDICAL CENTER - CAH,48 WEST 1500 NORTH,NEPHI,UT,84648,CRITICAL ACCESS,25,39.73146216,-111.83774056,25
2184624,DELTA COMMUNITY HOSPITAL,126 SOUTH WHITE SAGE AVENUE,DELTA,UT,84624,CRITICAL ACCESS,18,39.35005177,-112.56109583,18
484631,FILLMORE COMMUNITY HOSPITAL,674 SOUTH HIGHWAY 99,FILLMORE,UT,84631,CRITICAL ACCESS,19,38.95477745,-112.34027697,19
2084759,GARFIELD MEMORIAL HOSPITAL,200 NORTH 400 EAST,PANGUITCH,UT,84759,CRITICAL ACCESS,15,37.82642874,-112.42692227,15
2684634,GUNNISON VALLEY HOSPITAL,64 EAST 100 NORTH,GUNNISON,UT,84634,CRITICAL ACCESS,25,39.15625599,-111.81648659,25
884741,KANE COUNTY HOSPITAL,355 NORTH MAIN STREET,KANAB,UT,84741,CRITICAL ACCESS,25,37.05445725,-112.52950899,25
167584751,MILFORD MEMORIAL HOSPITAL,850 NORTH MAIN STREET,MILFORD,UT,84751,CRITICAL ACCESS,23,38.40716285,-113.00882607,23
4484532,MOAB REGIONAL HOSPITAL,450 WEST WILLIAMS WAY,MOAB,UT,84532,CRITICAL ACCESS,17,38.57530419,-109.55950411,17
584535,SAN JUAN HOSPITAL,380 WEST 100 NORTH,MONTICELLO,UT,84535,CRITICAL ACCESS,25,37.87446806,-109.34986961,25
4584647,SANPETE VALLEY HOSPITAL - CAH,1100 SOUTH MEDICAL DRIVE,MOUNT PLEASANT,UT,84647,CRITICAL ACCESS,18,39.53123669,-111.46109508,18
4184501,CASTLEVIEW HOSPITAL,300 NORTH HOSPITAL DRIVE,PRICE,UT,84501,GENERAL ACUTE CARE,39,39.60516705,-110.83294009,39
4684701,SEVIER VALLEY HOSPITAL,1000 NORTH MAIN STREET,RICHFIELD,UT,84701,GENERAL ACUTE CARE,29,38.78270065,-112.08358252,29
14922560,VCU HEALTH TAPPAHANNOCK HOSPITAL,618 HOSPITAL ROAD,TAPPAHANNOCK,VA,22560,GENERAL ACUTE CARE,67,37.90124598,-76.87887582,67
10723901,CENTRA SOUTHSIDE COMMUNITY HOSPITAL,800 OAK STREET,FARMVILLE,VA,23901,GENERAL ACUTE CARE,116,37.30267955,-78.40431589,116
12123413,RIVERSIDE SHORE MEMORIAL HOSPITAL,20480 MARKET STREET,ONANCOCK,VA,23417,GENERAL ACUTE CARE,52,37.47542893,-75.86407258,52
898356,ARBOR HEALTH - MORTON GENERAL HOSPITAL,521 ADAMS ST,MORTON,WA,98356,CRITICAL ACCESS,17,46.55567481,-122.28035439,17
1398855,NORTH VALLEY HOSPITAL,2ND AND WESTERN,TONASKET,WA,98855,CRITICAL ACCESS,18,48.70700189,-119.43873125,18
2099159,ODESSA MEMORIAL HEALTHCARE CENTER,502 AMENDE DR E,ODESSA,WA,99159,CRITICAL ACCESS,25,47.33118914,-118.68250448,25
2499109,PROVIDENCE ST. JOSEPH'S HOSPITAL,500 WEBSTER AVE E,CHEWELAH,WA,99109,CRITICAL ACCESS,23,48.27787863,-117.71089437,23
2899169,EAST ADAMS RURAL HEALTHCARE,903 SOUTH ADAMS ST,RITZVILLE,WA,99169,CRITICAL ACCESS,16,47.12121882,-118.37188656,16
5599166,FERRY COUNTY MEMORIAL HOSPITAL,36 NORTH KLONDIKE ROAD,REPUBLIC,WA,99166,CRITICAL ACCESS,13,48.65304137,-118.73140091,13
6499133,COULEE MEDICAL CENTER,411 FORTUYN RD,GRAND COULEE,WA,99133,CRITICAL ACCESS,25,47.94244952,-119.00759291,25
7598331,FORKS COMMUNITY HOSPITAL,530 BOGACHIEL WAY,FORKS,WA,98331,CRITICAL ACCESS,16,47.94620734,-124.392588,16
8099122,LINCOLN HOSPITAL,10 NICHOLS ST,DAVENPORT,WA,99122,CRITICAL ACCESS,25,47.65792772,-118.14535981,25
8199114,PROVIDENCE MOUNT CARMEL HOSPITAL,982 E COLUMBIA AVE,COLVILLE,WA,99114,CRITICAL ACCESS,41,48.54067179,-117.89274847,41
8598944,ASTRIA SUNNYSIDE HOSPITAL,1016 TACOMA AVENUE,SUNNYSIDE,WA,98944,CRITICAL ACCESS,37,46.3224796,-120.00668176,37
1125801,BECKLEY ARH HOSPITAL,306 STANAFORD ROAD,BECKLEY,WV,25801,GENERAL ACUTE CARE,173,37.7988327,-81.16818375,173
2624970,GREENBRIER VALLEY MEDICAL CENTER,"1320 MAPLEWOOD AVENUE, PO BOX 497",RONCEVERTE,WV,24970,GENERAL ACUTE CARE,122,37.77316067,-80.47024923,122
3125601,LOGAN REGIONAL MEDICAL CENTER,20 HOSPITAL DRIVE,LOGAN,WV,25601,GENERAL ACUTE CARE,140,37.84609551,-81.99438703,140
3725550,PLEASANT VALLEY HOSPITAL,2520 VALLEY DRIVE,GLEN WASHINGTON,WV,25550,GENERAL ACUTE CARE,201,38.86906541,-82.12322387,201
5824924,POCAHONTAS MEMORIAL HOSPITAL,150 DUNCAN ROAD,BUCKEYE,WV,24924,CRITICAL ACCESS,25,38.20082912,-80.1089784,25
4125801,RALEIGH GENERAL HOSPITAL,1710 HARPER ROAD,BECKLEY,WV,25801,GENERAL ACUTE CARE,300,37.7875544,-81.20193159,300
4183110,STAR VALLEY HEALTH,901 ADAMS ST,AFTON,WY,83110,CRITICAL ACCESS,22,42.71732992,-110.93043746,22
4282410,SOUTH BIG HORN COUNTY CRITICAL ACCESS HOSPITAL,388 SOUTH US HWY 20,BASIN,WY,82410,CRITICAL ACCESS,10,44.43388761,-108.0509123,10
1682834,JOHNSON COUNTY MEMORIAL HOSPITAL DBA JOHNSON COUNTY HEALTHCARE CENTER,497 WEST LOTT,BUFFALO,WY,82834,CRITICAL ACCESS,25,44.35080469,-106.70649157,25
1882633,MEMORIAL HOSPITAL OF CONVERSE COUNTY,111 SOUTH 5TH ST,DOUGLAS,WY,82633,CRITICAL ACCESS,25,42.75906617,-105.38070968,25
1983101,SOUTH LINCOLN HOSPITAL DISTRICT DBA SOUTH LINCOLN MEDICAL CENTER,711 ONYX ST,KEMMERER,WY,83101,CRITICAL ACCESS,16,41.78970804,-110.5416944,16
2082225,NIOBRARA COUNTY HOSPITAL DISTRICT,921 SOUTH BALLANCEE AVE,LUSK,WY,82225,CRITICAL ACCESS,24,42.75344312,-104.44552628,24
2282701,WESTON COUNTY HOSPITAL DISTRICT DBA WESTON COUNTY HEALTH SERVICES,1124 WASHINGTON BLVD,NEWCASTLE,WY,82701,CRITICAL ACCESS,12,43.84777938,-104.1880445,12
2482301,MEMORIAL HOSPITAL OF CARBON COUNTY,2221 WEST ELM ST,RAWLINS,WY,82301,CRITICAL ACCESS,25,41.78688584,-107.26214871,25
382443,HOT SPRINGS COUNTY HOSPITAL DBA HOT SPRINGS COUNTY MEMORIAL HOSPITAL,150 EAST ARAPAHOE,THERMOPOLIS,WY,82443,CRITICAL ACCESS,15,43.64801527,-108.199256,15
2682240,COMMUNITY HOSPITAL,2000 CAMPBELL DR,TORRINGTON,WY,82240,CRITICAL ACCESS,25,42.08286063,-104.19280244,25
2782201,PLATTE COUNTY MEMORIAL HOSPITAL,201 14TH ST,WHEATLAND,WY,82201,CRITICAL ACCESS,25,42.05010869,-104.96075764,25
2882401,WASHAKIE MEDICAL CENTER,400 SOUTH 15TH ST,WORLAND,WY,82401,CRITICAL ACCESS,18,44.01272297,-107.94941092,18
3582930,EVANSTON REGIONAL HOSPITAL,190 ARROWHEAD DR,EVANSTON,WY,82930,GENERAL ACUTE CARE,42,41.24334827,-110.99049813,42
1382501,RIVERTON MEMORIAL HOSPITAL LLC DBA SAGEWEST HEALTH CARE,2100 WEST SUNSET DR,RIVERTON,WY,82501,GENERAL ACUTE CARE,146,43.03466095,-108.41872321,146
1182520,SAGEWEST HEALTH CARE - LANDER,1320 BISHOP RANDALL DRIVE,LANDER,WY,82520,GENERAL ACUTE CARE,89,42.82047503,-108.72674325,89
62472160,BAPTIST HEALTH MEDICAL CENTER-STUTTGART,1703 NORTH BUERKLE ROAD,STUTTGART,AR,72160,GENERAL ACUTE CARE,49,34.5175108,-91.55829954,49
1874578,LATIMER COUNTY GENERAL HOSPITAL,806 HIGHWAY 2 NORTH,WILBURTON,OK,74578,GENERAL ACUTE CARE,33,34.91947628,-95.32085573,33
6071446,DOCTOR'S HOSPITAL AT DEER CREEK,815 S 10TH ST,LEESVILLE,LA,71446,GENERAL ACUTE CARE,10,31.13563535,-93.26882275,10
60699546,ADAK MEDICAL CENTER - EAT,100 MECHANIC ROAD,ADAK,AK,99546,GENERAL ACUTE CARE,-999,51.868005,-176.640263,-999
39475457,EAST TEXAS MEDICAL CENTER MOUNT VERNON,500 TEXAS 37,MOUNT VERNON,TX,75457,GENERAL ACUTE CARE,49,33.17671639,-95.23494579,49
88239840,SOUTHWEST GEORGIA REGIONAL MEDICAL,361 RANDOLPH STREET,CUTHBERT,GA,39840,CRITICAL ACCESS,25,31.77536552,-84.7934916,25
10071655,DREW MEMORIAL HOSPITAL,778 SCOGIN DRIVE,MONTICELLO,AR,71655,GENERAL ACUTE CARE,49,33.61088459,-91.81679407,49
35632055,SHANDS LAKE SHORE REGIONAL MEDICAL CENTER,368 NE FRANKLIN ST,LAKE CITY,FL,32055,GENERAL ACUTE CARE,99,30.19313357,-82.63275612,99
7357642,MCLAUGHLIN PUBLIC HEALTH SERVICE INDIAN HEALTH CENTER,701 6TH STREET EAST,MCLAUGHLIN,SD,57642,GENERAL ACUTE CARE,12,45.8092599,-100.80835085,12
74,PARSONS STATE HOSPITAL,2601 GABRIEL AVENUE,PARSONS,KS,67357,GENERAL ACUTE CARE,-999,37.35126304,-95.28054226,-999
113689832,PUBLIC HEALTH SERV INDIAN HOSP,1623 HOSPITAL LOOP,OWYHEE,NV,89832,CRITICAL ACCESS,-999,41.94989163,-116.097797,-999
69686047,US PHS WINSLOW INDIAN HOSPITAL,500 INDIANA AVE,WINSLOW,AZ,86047,CRITICAL ACCESS,-999,35.03231075,-110.71411682,-999
7773662,SAYRE MEMORIAL HOSPITAL,911 HOSPITAL DRIVE,SAYRE,OK,73662,GENERAL ACUTE CARE,31,35.30724323,-99.63238712,31
1899835,SITKA COMMUNITY HOSPITAL,209 MOLLER AVENUE,SITKA,AK,99835,GENERAL ACUTE CARE,27,57.05976133,-135.34693503,27
50579553,STAMFORD MEMORIAL HOSPITAL,1601 COLUMBIA STREET,STAMFORD,TX,79553,GENERAL ACUTE CARE,25,32.92784581,-99.78329501,25
3766701,MERCY HOSPITAL FORT SCOTT,401 WOODLAND HILLS BLVD,FORT SCOTT,KS,66701,GENERAL ACUTE CARE,61,37.80619303,-94.71096739,61
10267356,OSWEGO COMMUNITY HOSPITAL,800 BARKER DRIVE,OSWEGO,KS,67356,GENERAL ACUTE CARE,12,37.15921271,-95.11107692,12
1467003,ANTHONY MEDICAL CENTER,1101 E SPRING STREET,ANTHONY,KS,67003,CRITICAL ACCESS,25,37.15499259,-98.01734909,25
192185607,COPPER QUEEN DOUGLAS EMERGENCY DEPARTMENT,100 E. 5TH STREET,DOUGLAS,AZ,85607,GENERAL ACUTE CARE,-999,31.33959437,-109.56068219,-999
